-- phpMyAdmin SQL Dump
-- version 4.0.8
-- http://www.phpmyadmin.net
--
-- Host: localhost
-- Generation Time: Aug 24, 2015 at 02:42 PM
-- Server version: 5.1.70-cll
-- PHP Version: 5.3.17

SET SQL_MODE = "NO_AUTO_VALUE_ON_ZERO";
SET time_zone = "+00:00";


/*!40101 SET @OLD_CHARACTER_SET_CLIENT=@@CHARACTER_SET_CLIENT */;
/*!40101 SET @OLD_CHARACTER_SET_RESULTS=@@CHARACTER_SET_RESULTS */;
/*!40101 SET @OLD_COLLATION_CONNECTION=@@COLLATION_CONNECTION */;
/*!40101 SET NAMES utf8 */;

--
-- Database: `exchange`
--

-- --------------------------------------------------------

--
-- Table structure for table `pairs`
--

CREATE TABLE IF NOT EXISTS `pairs` (
  `id` int(11) NOT NULL AUTO_INCREMENT,
  `from` varchar(3) DEFAULT NULL COMMENT 'EUR, RSD, CHF,...',
  `to` varchar(3) DEFAULT NULL COMMENT 'EUR, RSD, CHF,...',
  `created_at` timestamp NULL DEFAULT NULL,
  `updated_at` timestamp NULL DEFAULT NULL,
  PRIMARY KEY (`id`)
) ENGINE=InnoDB  DEFAULT CHARSET=utf8 AUTO_INCREMENT=7 ;

--
-- Dumping data for table `pairs`
--

INSERT INTO `pairs` (`id`, `from`, `to`, `created_at`, `updated_at`) VALUES
(1, 'RSD', 'EUR', '2015-04-16 22:00:00', NULL),
(2, 'EUR', 'RSD', '2015-04-16 22:00:00', NULL),
(3, 'CHF', 'RSD', '2015-04-16 22:00:00', NULL),
(4, 'RSD', 'CHF', '2015-04-16 22:00:00', NULL),
(5, 'EUR', 'CHF', '2015-04-16 22:00:00', NULL),
(6, 'CHF', 'EUR', '2015-04-16 22:00:00', NULL);

-- --------------------------------------------------------

--
-- Table structure for table `providers`
--

CREATE TABLE IF NOT EXISTS `providers` (
  `id` int(11) NOT NULL AUTO_INCREMENT,
  `resource_id` int(11) NOT NULL,
  `name` varchar(45) DEFAULT NULL COMMENT 'Narodna banka, GDS,...',
  `alias` varchar(45) NOT NULL,
  `code` varchar(6) NOT NULL,
  `created_at` timestamp NULL DEFAULT NULL,
  `updated_at` timestamp NULL DEFAULT NULL,
  PRIMARY KEY (`id`),
  KEY `fk_providers_resource_idx` (`resource_id`)
) ENGINE=InnoDB  DEFAULT CHARSET=utf8 AUTO_INCREMENT=8 ;

--
-- Dumping data for table `providers`
--

INSERT INTO `providers` (`id`, `resource_id`, `name`, `alias`, `code`, `created_at`, `updated_at`) VALUES
(2, 1, 'Erste', 'erste-banka', 'ERSBAN', '2015-04-16 22:00:00', NULL),
(3, 1, 'GDS Sabre', 'gds-sabre', 'GDSSAB', '2015-04-16 22:00:00', NULL),
(4, 1, 'Sberbank', 'sberbank', 'SBERBA', '2015-04-16 22:00:00', NULL),
(5, 1, 'Banca Intesa', 'banca-intesa', 'BANINT', '2015-04-16 22:00:00', NULL),
(6, 3, 'Google', 'google', 'GOOGLE', '2015-04-16 22:00:00', NULL),
(7, 2, 'Narodna banka', 'narodna-banka', 'NARBAN', '2015-04-23 22:00:00', '2015-04-23 22:00:00');

-- --------------------------------------------------------

--
-- Table structure for table `rates`
--

CREATE TABLE IF NOT EXISTS `rates` (
  `id` int(11) NOT NULL AUTO_INCREMENT,
  `provider_id` int(11) NOT NULL,
  `type_id` int(11) NOT NULL,
  `pair_id` int(11) NOT NULL,
  `rate` decimal(8,4) NOT NULL,
  `date` date NOT NULL,
  `created_at` timestamp NULL DEFAULT NULL,
  `updated_at` timestamp NULL DEFAULT NULL,
  PRIMARY KEY (`id`),
  KEY `fk_rates_provider_idx` (`provider_id`),
  KEY `fk_rates_type_idx` (`type_id`),
  KEY `fk_rates_pair_idx` (`pair_id`)
) ENGINE=InnoDB  DEFAULT CHARSET=utf8 AUTO_INCREMENT=2315 ;

--
-- Dumping data for table `rates`
--

INSERT INTO `rates` (`id`, `provider_id`, `type_id`, `pair_id`, `rate`, `date`, `created_at`, `updated_at`) VALUES
(1, 2, 1, 1, '117.6706', '2015-04-17', '2015-04-17 15:04:33', '2015-04-17 15:04:33'),
(2, 2, 2, 1, '122.4734', '2015-04-17', '2015-04-17 15:04:33', '2015-04-17 15:04:33'),
(3, 2, 3, 1, '120.0720', '2015-04-17', '2015-04-17 15:04:33', '2015-04-17 15:04:33'),
(4, 2, 1, 4, '111.7924', '2015-04-17', '2015-04-17 15:04:35', '2015-04-17 15:04:35'),
(5, 2, 2, 4, '121.1084', '2015-04-17', '2015-04-17 15:04:35', '2015-04-17 15:04:35'),
(6, 2, 3, 4, '116.4504', '2015-04-17', '2015-04-17 15:04:35', '2015-04-17 15:04:35'),
(7, 4, 1, 1, '117.6706', '2015-04-17', '2015-04-17 15:04:39', '2015-04-17 15:04:39'),
(8, 4, 2, 1, '123.6981', '2015-04-17', '2015-04-17 15:04:39', '2015-04-17 15:04:39'),
(9, 4, 3, 1, '120.0720', '2015-04-17', '2015-04-17 15:04:39', '2015-04-17 15:04:39'),
(10, 4, 1, 4, '110.6279', '2015-04-17', '2015-04-17 15:04:40', '2015-04-17 15:04:40'),
(11, 4, 2, 4, '123.4956', '2015-04-17', '2015-04-17 15:04:40', '2015-04-17 15:04:40'),
(12, 4, 3, 4, '116.4504', '2015-04-17', '2015-04-17 15:04:40', '2015-04-17 15:04:40'),
(13, 5, 1, 1, '117.0702', '2015-04-17', '2015-04-17 15:04:41', '2015-04-17 15:04:41'),
(14, 5, 2, 1, '122.4734', '2015-04-17', '2015-04-17 15:04:41', '2015-04-17 15:04:41'),
(15, 5, 3, 1, '120.0720', '2015-04-17', '2015-04-17 15:04:41', '2015-04-17 15:04:41'),
(16, 5, 1, 4, '110.6279', '2015-04-17', '2015-04-17 15:04:42', '2015-04-17 15:04:42'),
(17, 5, 2, 4, '122.2729', '2015-04-17', '2015-04-17 15:04:42', '2015-04-17 15:04:42'),
(18, 5, 3, 4, '116.4504', '2015-04-17', '2015-04-17 15:04:42', '2015-04-17 15:04:42'),
(19, 6, 3, 2, '0.0083', '2015-04-17', '2015-04-17 15:17:06', '2015-04-17 15:17:06'),
(20, 6, 3, 3, '0.0086', '2015-04-17', '2015-04-17 15:17:09', '2015-04-17 15:17:09'),
(21, 6, 3, 5, '0.9729', '2015-04-17', '2015-04-17 15:17:10', '2015-04-17 15:17:10'),
(22, 6, 3, 6, '1.0278', '2015-04-17', '2015-04-17 15:17:11', '2015-04-17 15:17:11'),
(23, 2, 1, 1, '117.6706', '2015-04-18', '2015-04-18 08:00:02', '2015-04-18 08:00:02'),
(24, 2, 2, 1, '122.4734', '2015-04-18', '2015-04-18 08:00:02', '2015-04-18 08:00:02'),
(25, 2, 3, 1, '120.0720', '2015-04-18', '2015-04-18 08:00:02', '2015-04-18 08:00:02'),
(26, 2, 1, 4, '111.7924', '2015-04-18', '2015-04-18 08:00:02', '2015-04-18 08:00:02'),
(27, 2, 2, 4, '121.1084', '2015-04-18', '2015-04-18 08:00:02', '2015-04-18 08:00:02'),
(28, 2, 3, 4, '116.4504', '2015-04-18', '2015-04-18 08:00:02', '2015-04-18 08:00:02'),
(29, 4, 1, 1, '117.6706', '2015-04-18', '2015-04-18 08:00:02', '2015-04-18 08:00:02'),
(30, 4, 2, 1, '123.6981', '2015-04-18', '2015-04-18 08:00:02', '2015-04-18 08:00:02'),
(31, 4, 3, 1, '120.0720', '2015-04-18', '2015-04-18 08:00:02', '2015-04-18 08:00:02'),
(32, 4, 1, 4, '110.6279', '2015-04-18', '2015-04-18 08:00:02', '2015-04-18 08:00:02'),
(33, 4, 2, 4, '123.4956', '2015-04-18', '2015-04-18 08:00:02', '2015-04-18 08:00:02'),
(34, 4, 3, 4, '116.4504', '2015-04-18', '2015-04-18 08:00:02', '2015-04-18 08:00:02'),
(35, 5, 1, 1, '117.0702', '2015-04-18', '2015-04-18 08:00:02', '2015-04-18 08:00:02'),
(36, 5, 2, 1, '122.4734', '2015-04-18', '2015-04-18 08:00:03', '2015-04-18 08:00:03'),
(37, 5, 3, 1, '120.0720', '2015-04-18', '2015-04-18 08:00:03', '2015-04-18 08:00:03'),
(38, 5, 1, 4, '110.6279', '2015-04-18', '2015-04-18 08:00:03', '2015-04-18 08:00:03'),
(39, 5, 2, 4, '122.2729', '2015-04-18', '2015-04-18 08:00:03', '2015-04-18 08:00:03'),
(40, 5, 3, 4, '116.4504', '2015-04-18', '2015-04-18 08:00:03', '2015-04-18 08:00:03'),
(41, 6, 3, 2, '0.0083', '2015-04-18', '2015-04-18 08:00:03', '2015-04-18 08:00:03'),
(42, 6, 3, 3, '0.0086', '2015-04-18', '2015-04-18 08:00:04', '2015-04-18 08:00:04'),
(43, 6, 3, 5, '0.9719', '2015-04-18', '2015-04-18 08:00:04', '2015-04-18 08:00:04'),
(44, 6, 3, 6, '1.0290', '2015-04-18', '2015-04-18 08:00:05', '2015-04-18 08:00:05'),
(45, 2, 1, 1, '117.6706', '2015-04-19', '2015-04-19 08:00:02', '2015-04-19 08:00:02'),
(46, 2, 2, 1, '122.4734', '2015-04-19', '2015-04-19 08:00:02', '2015-04-19 08:00:02'),
(47, 2, 3, 1, '120.0720', '2015-04-19', '2015-04-19 08:00:02', '2015-04-19 08:00:02'),
(48, 2, 1, 4, '111.7924', '2015-04-19', '2015-04-19 08:00:02', '2015-04-19 08:00:02'),
(49, 2, 2, 4, '121.1084', '2015-04-19', '2015-04-19 08:00:02', '2015-04-19 08:00:02'),
(50, 2, 3, 4, '116.4504', '2015-04-19', '2015-04-19 08:00:02', '2015-04-19 08:00:02'),
(51, 4, 1, 1, '117.6706', '2015-04-19', '2015-04-19 08:00:02', '2015-04-19 08:00:02'),
(52, 4, 2, 1, '123.6981', '2015-04-19', '2015-04-19 08:00:02', '2015-04-19 08:00:02'),
(53, 4, 3, 1, '120.0720', '2015-04-19', '2015-04-19 08:00:02', '2015-04-19 08:00:02'),
(54, 4, 1, 4, '110.6279', '2015-04-19', '2015-04-19 08:00:03', '2015-04-19 08:00:03'),
(55, 4, 2, 4, '123.4956', '2015-04-19', '2015-04-19 08:00:03', '2015-04-19 08:00:03'),
(56, 4, 3, 4, '116.4504', '2015-04-19', '2015-04-19 08:00:03', '2015-04-19 08:00:03'),
(57, 5, 1, 1, '117.0702', '2015-04-19', '2015-04-19 08:00:03', '2015-04-19 08:00:03'),
(58, 5, 2, 1, '122.4734', '2015-04-19', '2015-04-19 08:00:03', '2015-04-19 08:00:03'),
(59, 5, 3, 1, '120.0720', '2015-04-19', '2015-04-19 08:00:03', '2015-04-19 08:00:03'),
(60, 5, 1, 4, '110.6279', '2015-04-19', '2015-04-19 08:00:03', '2015-04-19 08:00:03'),
(61, 5, 2, 4, '122.2729', '2015-04-19', '2015-04-19 08:00:03', '2015-04-19 08:00:03'),
(62, 5, 3, 4, '116.4504', '2015-04-19', '2015-04-19 08:00:03', '2015-04-19 08:00:03'),
(63, 6, 3, 2, '0.0083', '2015-04-19', '2015-04-19 08:00:04', '2015-04-19 08:00:04'),
(64, 6, 3, 3, '0.0086', '2015-04-19', '2015-04-19 08:00:04', '2015-04-19 08:00:04'),
(65, 6, 3, 5, '0.9719', '2015-04-19', '2015-04-19 08:00:05', '2015-04-19 08:00:05'),
(66, 6, 3, 6, '1.0290', '2015-04-19', '2015-04-19 08:00:05', '2015-04-19 08:00:05'),
(67, 2, 1, 1, '117.6524', '2015-04-20', '2015-04-20 08:00:02', '2015-04-20 08:00:02'),
(68, 2, 2, 1, '122.4546', '2015-04-20', '2015-04-20 08:00:02', '2015-04-20 08:00:02'),
(69, 2, 3, 1, '120.0535', '2015-04-20', '2015-04-20 08:00:02', '2015-04-20 08:00:02'),
(70, 2, 1, 4, '112.0795', '2015-04-20', '2015-04-20 08:00:02', '2015-04-20 08:00:02'),
(71, 2, 2, 4, '121.4195', '2015-04-20', '2015-04-20 08:00:02', '2015-04-20 08:00:02'),
(72, 2, 3, 4, '116.7495', '2015-04-20', '2015-04-20 08:00:02', '2015-04-20 08:00:02'),
(73, 4, 1, 1, '117.6524', '2015-04-20', '2015-04-20 08:00:03', '2015-04-20 08:00:03'),
(74, 4, 2, 1, '123.6791', '2015-04-20', '2015-04-20 08:00:03', '2015-04-20 08:00:03'),
(75, 4, 3, 1, '120.0535', '2015-04-20', '2015-04-20 08:00:03', '2015-04-20 08:00:03'),
(76, 4, 1, 4, '110.9120', '2015-04-20', '2015-04-20 08:00:04', '2015-04-20 08:00:04'),
(77, 4, 2, 4, '123.8129', '2015-04-20', '2015-04-20 08:00:04', '2015-04-20 08:00:04'),
(78, 4, 3, 4, '116.7495', '2015-04-20', '2015-04-20 08:00:04', '2015-04-20 08:00:04'),
(79, 5, 1, 1, '117.0522', '2015-04-20', '2015-04-20 08:00:04', '2015-04-20 08:00:04'),
(80, 5, 2, 1, '122.4546', '2015-04-20', '2015-04-20 08:00:04', '2015-04-20 08:00:04'),
(81, 5, 3, 1, '120.0535', '2015-04-20', '2015-04-20 08:00:04', '2015-04-20 08:00:04'),
(82, 5, 1, 4, '110.9120', '2015-04-20', '2015-04-20 08:00:05', '2015-04-20 08:00:05'),
(83, 5, 2, 4, '122.5870', '2015-04-20', '2015-04-20 08:00:05', '2015-04-20 08:00:05'),
(84, 5, 3, 4, '116.7495', '2015-04-20', '2015-04-20 08:00:05', '2015-04-20 08:00:05'),
(85, 6, 3, 2, '0.0083', '2015-04-20', '2015-04-20 08:00:05', '2015-04-20 08:00:05'),
(86, 6, 3, 3, '0.0085', '2015-04-20', '2015-04-20 08:00:06', '2015-04-20 08:00:06'),
(87, 6, 3, 5, '0.9761', '2015-04-20', '2015-04-20 08:00:06', '2015-04-20 08:00:06'),
(88, 6, 3, 6, '1.0244', '2015-04-20', '2015-04-20 08:00:07', '2015-04-20 08:00:07'),
(89, 2, 1, 1, '117.6141', '2015-04-21', '2015-04-21 08:00:02', '2015-04-21 08:00:02'),
(90, 2, 2, 1, '122.4147', '2015-04-21', '2015-04-21 08:00:02', '2015-04-21 08:00:02'),
(91, 2, 3, 1, '120.0144', '2015-04-21', '2015-04-21 08:00:02', '2015-04-21 08:00:02'),
(92, 2, 1, 4, '112.1521', '2015-04-21', '2015-04-21 08:00:02', '2015-04-21 08:00:02'),
(93, 2, 2, 4, '121.4981', '2015-04-21', '2015-04-21 08:00:02', '2015-04-21 08:00:02'),
(94, 2, 3, 4, '116.8251', '2015-04-21', '2015-04-21 08:00:02', '2015-04-21 08:00:02'),
(95, 4, 1, 1, '117.6141', '2015-04-21', '2015-04-21 08:00:02', '2015-04-21 08:00:02'),
(96, 4, 2, 1, '123.6388', '2015-04-21', '2015-04-21 08:00:02', '2015-04-21 08:00:02'),
(97, 4, 3, 1, '120.0144', '2015-04-21', '2015-04-21 08:00:02', '2015-04-21 08:00:02'),
(98, 4, 1, 4, '110.9838', '2015-04-21', '2015-04-21 08:00:03', '2015-04-21 08:00:03'),
(99, 4, 2, 4, '123.8931', '2015-04-21', '2015-04-21 08:00:03', '2015-04-21 08:00:03'),
(100, 4, 3, 4, '116.8251', '2015-04-21', '2015-04-21 08:00:03', '2015-04-21 08:00:03'),
(101, 5, 1, 1, '117.0140', '2015-04-21', '2015-04-21 08:00:03', '2015-04-21 08:00:03'),
(102, 5, 2, 1, '122.4147', '2015-04-21', '2015-04-21 08:00:03', '2015-04-21 08:00:03'),
(103, 5, 3, 1, '120.0144', '2015-04-21', '2015-04-21 08:00:03', '2015-04-21 08:00:03'),
(104, 5, 1, 4, '110.9838', '2015-04-21', '2015-04-21 08:00:03', '2015-04-21 08:00:03'),
(105, 5, 2, 4, '122.6664', '2015-04-21', '2015-04-21 08:00:03', '2015-04-21 08:00:03'),
(106, 5, 3, 4, '116.8251', '2015-04-21', '2015-04-21 08:00:03', '2015-04-21 08:00:03'),
(107, 6, 3, 2, '0.0083', '2015-04-21', '2015-04-21 08:00:03', '2015-04-21 08:00:03'),
(108, 6, 3, 3, '0.0085', '2015-04-21', '2015-04-21 08:00:04', '2015-04-21 08:00:04'),
(109, 6, 3, 5, '0.9766', '2015-04-21', '2015-04-21 08:00:04', '2015-04-21 08:00:04'),
(110, 6, 3, 6, '1.0239', '2015-04-21', '2015-04-21 08:00:05', '2015-04-21 08:00:05'),
(111, 2, 1, 1, '117.6782', '2015-04-22', '2015-04-22 08:00:07', '2015-04-22 08:00:07'),
(112, 2, 2, 1, '122.4814', '2015-04-22', '2015-04-22 08:00:07', '2015-04-22 08:00:07'),
(113, 2, 3, 1, '120.0798', '2015-04-22', '2015-04-22 08:00:07', '2015-04-22 08:00:07'),
(114, 2, 1, 4, '112.4540', '2015-04-22', '2015-04-22 08:00:09', '2015-04-22 08:00:09'),
(115, 2, 2, 4, '121.8252', '2015-04-22', '2015-04-22 08:00:09', '2015-04-22 08:00:09'),
(116, 2, 3, 4, '117.1396', '2015-04-22', '2015-04-22 08:00:09', '2015-04-22 08:00:09'),
(117, 4, 1, 1, '117.6782', '2015-04-22', '2015-04-22 08:00:09', '2015-04-22 08:00:09'),
(118, 4, 2, 1, '123.7062', '2015-04-22', '2015-04-22 08:00:10', '2015-04-22 08:00:10'),
(119, 4, 3, 1, '120.0798', '2015-04-22', '2015-04-22 08:00:10', '2015-04-22 08:00:10'),
(120, 4, 1, 4, '111.2826', '2015-04-22', '2015-04-22 08:00:10', '2015-04-22 08:00:10'),
(121, 4, 2, 4, '124.2266', '2015-04-22', '2015-04-22 08:00:11', '2015-04-22 08:00:11'),
(122, 4, 3, 4, '117.1396', '2015-04-22', '2015-04-22 08:00:11', '2015-04-22 08:00:11'),
(123, 5, 1, 1, '117.0778', '2015-04-22', '2015-04-22 08:00:11', '2015-04-22 08:00:11'),
(124, 5, 2, 1, '122.4814', '2015-04-22', '2015-04-22 08:00:11', '2015-04-22 08:00:11'),
(125, 5, 3, 1, '120.0798', '2015-04-22', '2015-04-22 08:00:12', '2015-04-22 08:00:12'),
(126, 5, 1, 4, '111.2826', '2015-04-22', '2015-04-22 08:00:12', '2015-04-22 08:00:12'),
(127, 5, 2, 4, '122.9966', '2015-04-22', '2015-04-22 08:00:12', '2015-04-22 08:00:12'),
(128, 5, 3, 4, '117.1396', '2015-04-22', '2015-04-22 08:00:13', '2015-04-22 08:00:13'),
(129, 6, 3, 2, '0.0083', '2015-04-22', '2015-04-22 08:00:14', '2015-04-22 08:00:14'),
(130, 6, 3, 3, '0.0086', '2015-04-22', '2015-04-22 08:00:14', '2015-04-22 08:00:14'),
(131, 6, 3, 5, '0.9745', '2015-04-22', '2015-04-22 08:00:15', '2015-04-22 08:00:15'),
(132, 6, 3, 6, '1.0261', '2015-04-22', '2015-04-22 08:00:15', '2015-04-22 08:00:15'),
(133, 2, 1, 1, '117.8146', '2015-04-23', '2015-04-23 08:00:01', '2015-04-23 08:00:01'),
(134, 2, 2, 1, '122.6234', '2015-04-23', '2015-04-23 08:00:01', '2015-04-23 08:00:01'),
(135, 2, 3, 1, '120.2190', '2015-04-23', '2015-04-23 08:00:01', '2015-04-23 08:00:01'),
(136, 2, 1, 4, '111.0675', '2015-04-23', '2015-04-23 08:00:01', '2015-04-23 08:00:01'),
(137, 2, 2, 4, '120.3231', '2015-04-23', '2015-04-23 08:00:01', '2015-04-23 08:00:01'),
(138, 2, 3, 4, '115.6953', '2015-04-23', '2015-04-23 08:00:02', '2015-04-23 08:00:02'),
(139, 4, 1, 1, '117.8146', '2015-04-23', '2015-04-23 08:00:02', '2015-04-23 08:00:02'),
(140, 4, 2, 1, '123.8496', '2015-04-23', '2015-04-23 08:00:02', '2015-04-23 08:00:02'),
(141, 4, 3, 1, '120.2190', '2015-04-23', '2015-04-23 08:00:02', '2015-04-23 08:00:02'),
(142, 4, 1, 4, '109.9105', '2015-04-23', '2015-04-23 08:00:02', '2015-04-23 08:00:02'),
(143, 4, 2, 4, '122.6949', '2015-04-23', '2015-04-23 08:00:02', '2015-04-23 08:00:02'),
(144, 4, 3, 4, '115.6953', '2015-04-23', '2015-04-23 08:00:02', '2015-04-23 08:00:02'),
(145, 5, 1, 1, '117.2135', '2015-04-23', '2015-04-23 08:00:03', '2015-04-23 08:00:03'),
(146, 5, 2, 1, '122.6234', '2015-04-23', '2015-04-23 08:00:03', '2015-04-23 08:00:03'),
(147, 5, 3, 1, '120.2190', '2015-04-23', '2015-04-23 08:00:03', '2015-04-23 08:00:03'),
(148, 5, 1, 4, '109.9105', '2015-04-23', '2015-04-23 08:00:03', '2015-04-23 08:00:03'),
(149, 5, 2, 4, '121.4801', '2015-04-23', '2015-04-23 08:00:03', '2015-04-23 08:00:03'),
(150, 5, 3, 4, '115.6953', '2015-04-23', '2015-04-23 08:00:03', '2015-04-23 08:00:03'),
(151, 6, 3, 2, '0.0083', '2015-04-23', '2015-04-23 08:00:04', '2015-04-23 08:00:04'),
(152, 6, 3, 3, '0.0086', '2015-04-23', '2015-04-23 08:00:04', '2015-04-23 08:00:04'),
(153, 6, 3, 5, '0.9649', '2015-04-23', '2015-04-23 08:00:04', '2015-04-23 08:00:04'),
(154, 6, 3, 6, '1.0364', '2015-04-23', '2015-04-23 08:00:05', '2015-04-23 08:00:05'),
(155, 2, 1, 1, '118.4382', '2015-04-24', '2015-04-24 08:00:04', '2015-04-24 08:00:04'),
(156, 2, 2, 1, '123.2724', '2015-04-24', '2015-04-24 08:00:05', '2015-04-24 08:00:05'),
(157, 2, 3, 1, '120.8553', '2015-04-24', '2015-04-24 08:00:05', '2015-04-24 08:00:05'),
(158, 2, 1, 4, '112.2169', '2015-04-24', '2015-04-24 08:00:06', '2015-04-24 08:00:06'),
(159, 2, 2, 4, '121.5683', '2015-04-24', '2015-04-24 08:00:08', '2015-04-24 08:00:08'),
(160, 2, 3, 4, '116.8926', '2015-04-24', '2015-04-24 08:00:08', '2015-04-24 08:00:08'),
(161, 4, 1, 1, '118.4382', '2015-04-24', '2015-04-24 08:00:09', '2015-04-24 08:00:09'),
(162, 4, 2, 1, '124.5051', '2015-04-24', '2015-04-24 08:00:09', '2015-04-24 08:00:09'),
(163, 4, 3, 1, '120.8553', '2015-04-24', '2015-04-24 08:00:09', '2015-04-24 08:00:09'),
(164, 4, 1, 4, '111.0480', '2015-04-24', '2015-04-24 08:00:09', '2015-04-24 08:00:09'),
(165, 4, 2, 4, '123.9646', '2015-04-24', '2015-04-24 08:00:09', '2015-04-24 08:00:09'),
(166, 4, 3, 4, '116.8926', '2015-04-24', '2015-04-24 08:00:10', '2015-04-24 08:00:10'),
(167, 5, 1, 1, '117.8339', '2015-04-24', '2015-04-24 08:00:10', '2015-04-24 08:00:10'),
(168, 5, 2, 1, '123.2724', '2015-04-24', '2015-04-24 08:00:10', '2015-04-24 08:00:10'),
(169, 5, 3, 1, '120.8553', '2015-04-24', '2015-04-24 08:00:10', '2015-04-24 08:00:10'),
(170, 5, 1, 4, '111.0480', '2015-04-24', '2015-04-24 08:00:11', '2015-04-24 08:00:11'),
(171, 5, 2, 4, '122.7372', '2015-04-24', '2015-04-24 08:00:11', '2015-04-24 08:00:11'),
(172, 5, 3, 4, '116.8926', '2015-04-24', '2015-04-24 08:00:11', '2015-04-24 08:00:11'),
(173, 6, 3, 2, '0.0083', '2015-04-24', '2015-04-24 08:00:12', '2015-04-24 08:00:12'),
(174, 6, 3, 3, '0.0086', '2015-04-24', '2015-04-24 08:00:13', '2015-04-24 08:00:13'),
(175, 6, 3, 5, '0.9645', '2015-04-24', '2015-04-24 08:00:13', '2015-04-24 08:00:13'),
(176, 6, 3, 6, '1.0367', '2015-04-24', '2015-04-24 08:00:14', '2015-04-24 08:00:14'),
(177, 2, 1, 1, '118.4382', '2015-04-25', '2015-04-25 08:00:02', '2015-04-25 08:00:02'),
(178, 2, 2, 1, '123.2724', '2015-04-25', '2015-04-25 08:00:02', '2015-04-25 08:00:02'),
(179, 2, 3, 1, '120.8553', '2015-04-25', '2015-04-25 08:00:02', '2015-04-25 08:00:02'),
(180, 2, 1, 4, '112.2169', '2015-04-25', '2015-04-25 08:00:02', '2015-04-25 08:00:02'),
(181, 2, 2, 4, '121.5683', '2015-04-25', '2015-04-25 08:00:02', '2015-04-25 08:00:02'),
(182, 2, 3, 4, '116.8926', '2015-04-25', '2015-04-25 08:00:03', '2015-04-25 08:00:03'),
(183, 4, 1, 1, '118.4382', '2015-04-25', '2015-04-25 08:00:04', '2015-04-25 08:00:04'),
(184, 4, 2, 1, '124.5051', '2015-04-25', '2015-04-25 08:00:05', '2015-04-25 08:00:05'),
(185, 4, 3, 1, '120.8553', '2015-04-25', '2015-04-25 08:00:06', '2015-04-25 08:00:06'),
(186, 4, 1, 4, '111.0480', '2015-04-25', '2015-04-25 08:00:06', '2015-04-25 08:00:06'),
(187, 4, 2, 4, '123.9646', '2015-04-25', '2015-04-25 08:00:07', '2015-04-25 08:00:07'),
(188, 4, 3, 4, '116.8926', '2015-04-25', '2015-04-25 08:00:08', '2015-04-25 08:00:08'),
(189, 5, 1, 1, '117.8339', '2015-04-25', '2015-04-25 08:00:08', '2015-04-25 08:00:08'),
(190, 5, 2, 1, '123.2724', '2015-04-25', '2015-04-25 08:00:08', '2015-04-25 08:00:08'),
(191, 5, 3, 1, '120.8553', '2015-04-25', '2015-04-25 08:00:08', '2015-04-25 08:00:08'),
(192, 5, 1, 4, '111.0480', '2015-04-25', '2015-04-25 08:00:08', '2015-04-25 08:00:08'),
(193, 5, 2, 4, '122.7372', '2015-04-25', '2015-04-25 08:00:08', '2015-04-25 08:00:08'),
(194, 5, 3, 4, '116.8926', '2015-04-25', '2015-04-25 08:00:09', '2015-04-25 08:00:09'),
(195, 6, 3, 2, '0.0083', '2015-04-25', '2015-04-25 08:00:09', '2015-04-25 08:00:09'),
(196, 6, 3, 3, '0.0086', '2015-04-25', '2015-04-25 08:00:09', '2015-04-25 08:00:09'),
(197, 6, 3, 5, '0.9641', '2015-04-25', '2015-04-25 08:00:11', '2015-04-25 08:00:11'),
(198, 6, 3, 6, '1.0373', '2015-04-25', '2015-04-25 08:00:11', '2015-04-25 08:00:11'),
(199, 7, 1, 1, '120.4927', '2015-04-25', '2015-04-25 08:00:12', '2015-04-25 08:00:12'),
(200, 7, 2, 1, '121.2179', '2015-04-25', '2015-04-25 08:00:12', '2015-04-25 08:00:12'),
(201, 7, 3, 1, '120.8553', '2015-04-25', '2015-04-25 08:00:12', '2015-04-25 08:00:12'),
(202, 7, 1, 4, '116.5419', '2015-04-25', '2015-04-25 08:00:12', '2015-04-25 08:00:12'),
(203, 7, 2, 4, '117.2433', '2015-04-25', '2015-04-25 08:00:12', '2015-04-25 08:00:12'),
(204, 7, 3, 4, '116.8926', '2015-04-25', '2015-04-25 08:00:12', '2015-04-25 08:00:12'),
(205, 2, 1, 1, '118.4382', '2015-04-26', '2015-04-26 08:00:02', '2015-04-26 08:00:02'),
(206, 2, 2, 1, '123.2724', '2015-04-26', '2015-04-26 08:00:02', '2015-04-26 08:00:02'),
(207, 2, 3, 1, '120.8553', '2015-04-26', '2015-04-26 08:00:02', '2015-04-26 08:00:02'),
(208, 2, 1, 4, '112.2169', '2015-04-26', '2015-04-26 08:00:02', '2015-04-26 08:00:02'),
(209, 2, 2, 4, '121.5683', '2015-04-26', '2015-04-26 08:00:02', '2015-04-26 08:00:02'),
(210, 2, 3, 4, '116.8926', '2015-04-26', '2015-04-26 08:00:03', '2015-04-26 08:00:03'),
(211, 4, 1, 1, '118.4382', '2015-04-26', '2015-04-26 08:00:03', '2015-04-26 08:00:03'),
(212, 4, 2, 1, '124.5051', '2015-04-26', '2015-04-26 08:00:03', '2015-04-26 08:00:03'),
(213, 4, 3, 1, '120.8553', '2015-04-26', '2015-04-26 08:00:03', '2015-04-26 08:00:03'),
(214, 4, 1, 4, '111.0480', '2015-04-26', '2015-04-26 08:00:03', '2015-04-26 08:00:03'),
(215, 4, 2, 4, '123.9646', '2015-04-26', '2015-04-26 08:00:03', '2015-04-26 08:00:03'),
(216, 4, 3, 4, '116.8926', '2015-04-26', '2015-04-26 08:00:03', '2015-04-26 08:00:03'),
(217, 5, 1, 1, '117.8339', '2015-04-26', '2015-04-26 08:00:04', '2015-04-26 08:00:04'),
(218, 5, 2, 1, '123.2724', '2015-04-26', '2015-04-26 08:00:04', '2015-04-26 08:00:04'),
(219, 5, 3, 1, '120.8553', '2015-04-26', '2015-04-26 08:00:04', '2015-04-26 08:00:04'),
(220, 5, 1, 4, '111.0480', '2015-04-26', '2015-04-26 08:00:04', '2015-04-26 08:00:04'),
(221, 5, 2, 4, '122.7372', '2015-04-26', '2015-04-26 08:00:04', '2015-04-26 08:00:04'),
(222, 5, 3, 4, '116.8926', '2015-04-26', '2015-04-26 08:00:04', '2015-04-26 08:00:04'),
(223, 6, 3, 2, '0.0083', '2015-04-26', '2015-04-26 08:00:04', '2015-04-26 08:00:04'),
(224, 6, 3, 3, '0.0086', '2015-04-26', '2015-04-26 08:00:04', '2015-04-26 08:00:04'),
(225, 6, 3, 5, '0.9641', '2015-04-26', '2015-04-26 08:00:04', '2015-04-26 08:00:04'),
(226, 6, 3, 6, '1.0373', '2015-04-26', '2015-04-26 08:00:07', '2015-04-26 08:00:07'),
(227, 7, 1, 1, '120.4927', '2015-04-26', '2015-04-26 08:00:07', '2015-04-26 08:00:07'),
(228, 7, 2, 1, '121.2179', '2015-04-26', '2015-04-26 08:00:07', '2015-04-26 08:00:07'),
(229, 7, 3, 1, '120.8553', '2015-04-26', '2015-04-26 08:00:07', '2015-04-26 08:00:07'),
(230, 7, 1, 4, '116.5419', '2015-04-26', '2015-04-26 08:00:08', '2015-04-26 08:00:08'),
(231, 7, 2, 4, '117.2433', '2015-04-26', '2015-04-26 08:00:08', '2015-04-26 08:00:08'),
(232, 7, 3, 4, '116.8926', '2015-04-26', '2015-04-26 08:00:08', '2015-04-26 08:00:08'),
(233, 2, 1, 1, '118.3960', '2015-04-27', '2015-04-27 08:00:01', '2015-04-27 08:00:01'),
(234, 2, 2, 1, '123.2284', '2015-04-27', '2015-04-27 08:00:04', '2015-04-27 08:00:04'),
(235, 2, 3, 1, '120.8122', '2015-04-27', '2015-04-27 08:00:05', '2015-04-27 08:00:05'),
(236, 2, 1, 4, '111.8308', '2015-04-27', '2015-04-27 08:00:05', '2015-04-27 08:00:05'),
(237, 2, 2, 4, '121.1500', '2015-04-27', '2015-04-27 08:00:05', '2015-04-27 08:00:05'),
(238, 2, 3, 4, '116.4904', '2015-04-27', '2015-04-27 08:00:06', '2015-04-27 08:00:06'),
(239, 4, 1, 1, '118.3960', '2015-04-27', '2015-04-27 08:00:07', '2015-04-27 08:00:07'),
(240, 4, 2, 1, '124.4607', '2015-04-27', '2015-04-27 08:00:07', '2015-04-27 08:00:07'),
(241, 4, 3, 1, '120.8122', '2015-04-27', '2015-04-27 08:00:07', '2015-04-27 08:00:07'),
(242, 4, 1, 4, '110.6659', '2015-04-27', '2015-04-27 08:00:07', '2015-04-27 08:00:07'),
(243, 4, 2, 4, '123.5380', '2015-04-27', '2015-04-27 08:00:07', '2015-04-27 08:00:07'),
(244, 4, 3, 4, '116.4904', '2015-04-27', '2015-04-27 08:00:08', '2015-04-27 08:00:08'),
(245, 5, 1, 1, '117.7919', '2015-04-27', '2015-04-27 08:00:08', '2015-04-27 08:00:08'),
(246, 5, 2, 1, '123.2284', '2015-04-27', '2015-04-27 08:00:08', '2015-04-27 08:00:08'),
(247, 5, 3, 1, '120.8122', '2015-04-27', '2015-04-27 08:00:09', '2015-04-27 08:00:09'),
(248, 5, 1, 4, '110.6659', '2015-04-27', '2015-04-27 08:00:09', '2015-04-27 08:00:09'),
(249, 5, 2, 4, '122.3149', '2015-04-27', '2015-04-27 08:00:09', '2015-04-27 08:00:09'),
(250, 5, 3, 4, '116.4904', '2015-04-27', '2015-04-27 08:00:09', '2015-04-27 08:00:09'),
(251, 6, 3, 2, '0.0083', '2015-04-27', '2015-04-27 08:00:09', '2015-04-27 08:00:09'),
(252, 6, 3, 3, '0.0086', '2015-04-27', '2015-04-27 08:00:10', '2015-04-27 08:00:10'),
(253, 6, 3, 5, '0.9637', '2015-04-27', '2015-04-27 08:00:10', '2015-04-27 08:00:10'),
(254, 6, 3, 6, '1.0375', '2015-04-27', '2015-04-27 08:00:10', '2015-04-27 08:00:10'),
(255, 7, 1, 1, '120.4498', '2015-04-27', '2015-04-27 08:00:10', '2015-04-27 08:00:10'),
(256, 7, 2, 1, '121.1746', '2015-04-27', '2015-04-27 08:00:11', '2015-04-27 08:00:11'),
(257, 7, 3, 1, '120.8122', '2015-04-27', '2015-04-27 08:00:11', '2015-04-27 08:00:11'),
(258, 7, 1, 4, '116.1409', '2015-04-27', '2015-04-27 08:00:11', '2015-04-27 08:00:11'),
(259, 7, 2, 4, '116.8399', '2015-04-27', '2015-04-27 08:00:11', '2015-04-27 08:00:11'),
(260, 7, 3, 4, '116.4904', '2015-04-27', '2015-04-27 08:00:11', '2015-04-27 08:00:11'),
(261, 2, 1, 1, '118.1020', '2015-04-28', '2015-04-28 08:00:02', '2015-04-28 08:00:02'),
(262, 2, 2, 1, '122.9224', '2015-04-28', '2015-04-28 08:00:02', '2015-04-28 08:00:02'),
(263, 2, 3, 1, '120.5122', '2015-04-28', '2015-04-28 08:00:02', '2015-04-28 08:00:02'),
(264, 2, 1, 4, '111.3706', '2015-04-28', '2015-04-28 08:00:03', '2015-04-28 08:00:03'),
(265, 2, 2, 4, '120.6514', '2015-04-28', '2015-04-28 08:00:03', '2015-04-28 08:00:03'),
(266, 2, 3, 4, '116.0110', '2015-04-28', '2015-04-28 08:00:03', '2015-04-28 08:00:03'),
(267, 4, 1, 1, '118.1020', '2015-04-28', '2015-04-28 08:00:03', '2015-04-28 08:00:03'),
(268, 4, 2, 1, '124.1516', '2015-04-28', '2015-04-28 08:00:04', '2015-04-28 08:00:04'),
(269, 4, 3, 1, '120.5122', '2015-04-28', '2015-04-28 08:00:04', '2015-04-28 08:00:04'),
(270, 4, 1, 4, '110.2104', '2015-04-28', '2015-04-28 08:00:05', '2015-04-28 08:00:05'),
(271, 4, 2, 4, '123.0297', '2015-04-28', '2015-04-28 08:00:05', '2015-04-28 08:00:05'),
(272, 4, 3, 4, '116.0110', '2015-04-28', '2015-04-28 08:00:05', '2015-04-28 08:00:05'),
(273, 5, 1, 1, '117.4994', '2015-04-28', '2015-04-28 08:00:05', '2015-04-28 08:00:05'),
(274, 5, 2, 1, '122.9224', '2015-04-28', '2015-04-28 08:00:05', '2015-04-28 08:00:05'),
(275, 5, 3, 1, '120.5122', '2015-04-28', '2015-04-28 08:00:05', '2015-04-28 08:00:05'),
(276, 5, 1, 4, '110.2104', '2015-04-28', '2015-04-28 08:00:05', '2015-04-28 08:00:05'),
(277, 5, 2, 4, '121.8116', '2015-04-28', '2015-04-28 08:00:05', '2015-04-28 08:00:05'),
(278, 5, 3, 4, '116.0110', '2015-04-28', '2015-04-28 08:00:05', '2015-04-28 08:00:05'),
(279, 6, 3, 2, '0.0083', '2015-04-28', '2015-04-28 08:00:05', '2015-04-28 08:00:05'),
(280, 6, 3, 3, '0.0086', '2015-04-28', '2015-04-28 08:00:06', '2015-04-28 08:00:06'),
(281, 6, 3, 5, '0.9616', '2015-04-28', '2015-04-28 08:00:06', '2015-04-28 08:00:06'),
(282, 6, 3, 6, '1.0399', '2015-04-28', '2015-04-28 08:00:06', '2015-04-28 08:00:06'),
(283, 7, 1, 1, '120.1507', '2015-04-28', '2015-04-28 08:00:09', '2015-04-28 08:00:09'),
(284, 7, 2, 1, '120.8737', '2015-04-28', '2015-04-28 08:00:09', '2015-04-28 08:00:09'),
(285, 7, 3, 1, '120.5122', '2015-04-28', '2015-04-28 08:00:09', '2015-04-28 08:00:09'),
(286, 7, 1, 4, '115.6630', '2015-04-28', '2015-04-28 08:00:10', '2015-04-28 08:00:10'),
(287, 7, 2, 4, '116.3590', '2015-04-28', '2015-04-28 08:00:10', '2015-04-28 08:00:10'),
(288, 7, 3, 4, '116.0110', '2015-04-28', '2015-04-28 08:00:10', '2015-04-28 08:00:10'),
(289, 2, 1, 1, '117.8464', '2015-04-29', '2015-04-29 08:00:02', '2015-04-29 08:00:02'),
(290, 2, 2, 1, '122.6564', '2015-04-29', '2015-04-29 08:00:02', '2015-04-29 08:00:02'),
(291, 2, 3, 1, '120.2514', '2015-04-29', '2015-04-29 08:00:02', '2015-04-29 08:00:02'),
(292, 2, 1, 4, '109.9860', '2015-04-29', '2015-04-29 08:00:02', '2015-04-29 08:00:02'),
(293, 2, 2, 4, '119.1516', '2015-04-29', '2015-04-29 08:00:02', '2015-04-29 08:00:02'),
(294, 2, 3, 4, '114.5688', '2015-04-29', '2015-04-29 08:00:02', '2015-04-29 08:00:02'),
(295, 4, 1, 1, '117.8464', '2015-04-29', '2015-04-29 08:00:03', '2015-04-29 08:00:03'),
(296, 4, 2, 1, '123.8830', '2015-04-29', '2015-04-29 08:00:03', '2015-04-29 08:00:03'),
(297, 4, 3, 1, '120.2514', '2015-04-29', '2015-04-29 08:00:03', '2015-04-29 08:00:03'),
(298, 4, 1, 4, '108.8404', '2015-04-29', '2015-04-29 08:00:03', '2015-04-29 08:00:03'),
(299, 4, 2, 4, '121.5002', '2015-04-29', '2015-04-29 08:00:04', '2015-04-29 08:00:04'),
(300, 4, 3, 4, '114.5688', '2015-04-29', '2015-04-29 08:00:04', '2015-04-29 08:00:04'),
(301, 5, 1, 1, '117.2451', '2015-04-29', '2015-04-29 08:00:04', '2015-04-29 08:00:04'),
(302, 5, 2, 1, '122.6564', '2015-04-29', '2015-04-29 08:00:05', '2015-04-29 08:00:05'),
(303, 5, 3, 1, '120.2514', '2015-04-29', '2015-04-29 08:00:05', '2015-04-29 08:00:05'),
(304, 5, 1, 4, '108.8404', '2015-04-29', '2015-04-29 08:00:05', '2015-04-29 08:00:05'),
(305, 5, 2, 4, '120.2972', '2015-04-29', '2015-04-29 08:00:06', '2015-04-29 08:00:06'),
(306, 5, 3, 4, '114.5688', '2015-04-29', '2015-04-29 08:00:06', '2015-04-29 08:00:06'),
(307, 6, 3, 2, '0.0083', '2015-04-29', '2015-04-29 08:00:07', '2015-04-29 08:00:07'),
(308, 6, 3, 3, '0.0087', '2015-04-29', '2015-04-29 08:00:07', '2015-04-29 08:00:07'),
(309, 6, 3, 5, '0.9527', '2015-04-29', '2015-04-29 08:00:07', '2015-04-29 08:00:07'),
(310, 6, 3, 6, '1.0497', '2015-04-29', '2015-04-29 08:00:07', '2015-04-29 08:00:07'),
(311, 7, 1, 1, '119.8906', '2015-04-29', '2015-04-29 08:00:08', '2015-04-29 08:00:08'),
(312, 7, 2, 1, '120.6122', '2015-04-29', '2015-04-29 08:00:08', '2015-04-29 08:00:08'),
(313, 7, 3, 1, '120.2514', '2015-04-29', '2015-04-29 08:00:08', '2015-04-29 08:00:08'),
(314, 7, 1, 4, '114.2251', '2015-04-29', '2015-04-29 08:00:08', '2015-04-29 08:00:08'),
(315, 7, 2, 4, '114.9125', '2015-04-29', '2015-04-29 08:00:08', '2015-04-29 08:00:08'),
(316, 7, 3, 4, '114.5688', '2015-04-29', '2015-04-29 08:00:08', '2015-04-29 08:00:08'),
(317, 2, 1, 1, '117.7468', '2015-04-30', '2015-04-30 08:00:01', '2015-04-30 08:00:01'),
(318, 2, 2, 1, '122.5528', '2015-04-30', '2015-04-30 08:00:01', '2015-04-30 08:00:01'),
(319, 2, 3, 1, '120.1498', '2015-04-30', '2015-04-30 08:00:02', '2015-04-30 08:00:02'),
(320, 2, 1, 4, '110.4191', '2015-04-30', '2015-04-30 08:00:02', '2015-04-30 08:00:02'),
(321, 2, 2, 4, '119.6207', '2015-04-30', '2015-04-30 08:00:02', '2015-04-30 08:00:02'),
(322, 2, 3, 4, '115.0199', '2015-04-30', '2015-04-30 08:00:02', '2015-04-30 08:00:02'),
(323, 4, 1, 1, '117.7468', '2015-04-30', '2015-04-30 08:00:03', '2015-04-30 08:00:03'),
(324, 4, 2, 1, '123.7783', '2015-04-30', '2015-04-30 08:00:03', '2015-04-30 08:00:03'),
(325, 4, 3, 1, '120.1498', '2015-04-30', '2015-04-30 08:00:03', '2015-04-30 08:00:03'),
(326, 4, 1, 4, '109.2689', '2015-04-30', '2015-04-30 08:00:03', '2015-04-30 08:00:03'),
(327, 4, 2, 4, '121.9786', '2015-04-30', '2015-04-30 08:00:03', '2015-04-30 08:00:03'),
(328, 4, 3, 4, '115.0199', '2015-04-30', '2015-04-30 08:00:04', '2015-04-30 08:00:04'),
(329, 5, 1, 1, '117.1461', '2015-04-30', '2015-04-30 08:00:04', '2015-04-30 08:00:04'),
(330, 5, 2, 1, '122.5528', '2015-04-30', '2015-04-30 08:00:04', '2015-04-30 08:00:04'),
(331, 5, 3, 1, '120.1498', '2015-04-30', '2015-04-30 08:00:04', '2015-04-30 08:00:04'),
(332, 5, 1, 4, '109.2689', '2015-04-30', '2015-04-30 08:00:04', '2015-04-30 08:00:04'),
(333, 5, 2, 4, '120.7709', '2015-04-30', '2015-04-30 08:00:04', '2015-04-30 08:00:04'),
(334, 5, 3, 4, '115.0199', '2015-04-30', '2015-04-30 08:00:04', '2015-04-30 08:00:04'),
(335, 6, 3, 2, '0.0082', '2015-04-30', '2015-04-30 08:00:04', '2015-04-30 08:00:04'),
(336, 6, 3, 3, '0.0086', '2015-04-30', '2015-04-30 08:00:04', '2015-04-30 08:00:04'),
(337, 6, 3, 5, '0.9538', '2015-04-30', '2015-04-30 08:00:05', '2015-04-30 08:00:05'),
(338, 6, 3, 6, '1.0486', '2015-04-30', '2015-04-30 08:00:05', '2015-04-30 08:00:05'),
(339, 7, 1, 1, '119.7894', '2015-04-30', '2015-04-30 08:00:05', '2015-04-30 08:00:05'),
(340, 7, 2, 1, '120.5102', '2015-04-30', '2015-04-30 08:00:05', '2015-04-30 08:00:05'),
(341, 7, 3, 1, '120.1498', '2015-04-30', '2015-04-30 08:00:05', '2015-04-30 08:00:05'),
(342, 7, 1, 4, '114.6748', '2015-04-30', '2015-04-30 08:00:06', '2015-04-30 08:00:06'),
(343, 7, 2, 4, '115.3650', '2015-04-30', '2015-04-30 08:00:06', '2015-04-30 08:00:06'),
(344, 7, 3, 4, '115.0199', '2015-04-30', '2015-04-30 08:00:06', '2015-04-30 08:00:06'),
(345, 2, 1, 1, '117.7468', '2015-05-01', '2015-05-01 08:00:02', '2015-05-01 08:00:02'),
(346, 2, 2, 1, '122.5528', '2015-05-01', '2015-05-01 08:00:02', '2015-05-01 08:00:02'),
(347, 2, 3, 1, '120.1498', '2015-05-01', '2015-05-01 08:00:02', '2015-05-01 08:00:02'),
(348, 2, 1, 4, '110.4191', '2015-05-01', '2015-05-01 08:00:03', '2015-05-01 08:00:03'),
(349, 2, 2, 4, '119.6207', '2015-05-01', '2015-05-01 08:00:03', '2015-05-01 08:00:03'),
(350, 2, 3, 4, '115.0199', '2015-05-01', '2015-05-01 08:00:03', '2015-05-01 08:00:03'),
(351, 4, 1, 1, '117.7468', '2015-05-01', '2015-05-01 08:00:04', '2015-05-01 08:00:04'),
(352, 4, 2, 1, '123.7783', '2015-05-01', '2015-05-01 08:00:04', '2015-05-01 08:00:04'),
(353, 4, 3, 1, '120.1498', '2015-05-01', '2015-05-01 08:00:04', '2015-05-01 08:00:04'),
(354, 4, 1, 4, '109.2689', '2015-05-01', '2015-05-01 08:00:04', '2015-05-01 08:00:04'),
(355, 4, 2, 4, '121.9786', '2015-05-01', '2015-05-01 08:00:05', '2015-05-01 08:00:05'),
(356, 4, 3, 4, '115.0199', '2015-05-01', '2015-05-01 08:00:05', '2015-05-01 08:00:05'),
(357, 5, 1, 1, '117.1461', '2015-05-01', '2015-05-01 08:00:06', '2015-05-01 08:00:06'),
(358, 5, 2, 1, '122.5528', '2015-05-01', '2015-05-01 08:00:09', '2015-05-01 08:00:09'),
(359, 5, 3, 1, '120.1498', '2015-05-01', '2015-05-01 08:00:09', '2015-05-01 08:00:09'),
(360, 5, 1, 4, '109.2689', '2015-05-01', '2015-05-01 08:00:09', '2015-05-01 08:00:09'),
(361, 5, 2, 4, '120.7709', '2015-05-01', '2015-05-01 08:00:09', '2015-05-01 08:00:09'),
(362, 5, 3, 4, '115.0199', '2015-05-01', '2015-05-01 08:00:10', '2015-05-01 08:00:10'),
(363, 6, 3, 2, '0.0083', '2015-05-01', '2015-05-01 08:00:10', '2015-05-01 08:00:10'),
(364, 6, 3, 3, '0.0087', '2015-05-01', '2015-05-01 08:00:11', '2015-05-01 08:00:11'),
(365, 6, 3, 5, '0.9528', '2015-05-01', '2015-05-01 08:00:11', '2015-05-01 08:00:11'),
(366, 6, 3, 6, '1.0496', '2015-05-01', '2015-05-01 08:00:12', '2015-05-01 08:00:12'),
(367, 7, 1, 1, '119.7894', '2015-05-01', '2015-05-01 08:00:12', '2015-05-01 08:00:12'),
(368, 7, 2, 1, '120.5102', '2015-05-01', '2015-05-01 08:00:12', '2015-05-01 08:00:12'),
(369, 7, 3, 1, '120.1498', '2015-05-01', '2015-05-01 08:00:12', '2015-05-01 08:00:12'),
(370, 7, 1, 4, '114.6748', '2015-05-01', '2015-05-01 08:00:13', '2015-05-01 08:00:13'),
(371, 7, 2, 4, '115.3650', '2015-05-01', '2015-05-01 08:00:13', '2015-05-01 08:00:13'),
(372, 7, 3, 4, '115.0199', '2015-05-01', '2015-05-01 08:00:13', '2015-05-01 08:00:13'),
(373, 2, 1, 1, '117.7468', '2015-05-02', '2015-05-02 08:00:02', '2015-05-02 08:00:02'),
(374, 2, 2, 1, '122.5528', '2015-05-02', '2015-05-02 08:00:02', '2015-05-02 08:00:02'),
(375, 2, 3, 1, '120.1498', '2015-05-02', '2015-05-02 08:00:02', '2015-05-02 08:00:02'),
(376, 2, 1, 4, '110.4191', '2015-05-02', '2015-05-02 08:00:02', '2015-05-02 08:00:02'),
(377, 2, 2, 4, '119.6207', '2015-05-02', '2015-05-02 08:00:03', '2015-05-02 08:00:03'),
(378, 2, 3, 4, '115.0199', '2015-05-02', '2015-05-02 08:00:03', '2015-05-02 08:00:03'),
(379, 4, 1, 1, '117.7468', '2015-05-02', '2015-05-02 08:00:03', '2015-05-02 08:00:03'),
(380, 4, 2, 1, '123.7783', '2015-05-02', '2015-05-02 08:00:03', '2015-05-02 08:00:03'),
(381, 4, 3, 1, '120.1498', '2015-05-02', '2015-05-02 08:00:03', '2015-05-02 08:00:03'),
(382, 4, 1, 4, '109.2689', '2015-05-02', '2015-05-02 08:00:03', '2015-05-02 08:00:03'),
(383, 4, 2, 4, '121.9786', '2015-05-02', '2015-05-02 08:00:03', '2015-05-02 08:00:03'),
(384, 4, 3, 4, '115.0199', '2015-05-02', '2015-05-02 08:00:03', '2015-05-02 08:00:03'),
(385, 5, 1, 1, '117.1461', '2015-05-02', '2015-05-02 08:00:03', '2015-05-02 08:00:03'),
(386, 5, 2, 1, '122.5528', '2015-05-02', '2015-05-02 08:00:03', '2015-05-02 08:00:03'),
(387, 5, 3, 1, '120.1498', '2015-05-02', '2015-05-02 08:00:03', '2015-05-02 08:00:03'),
(388, 5, 1, 4, '109.2689', '2015-05-02', '2015-05-02 08:00:03', '2015-05-02 08:00:03'),
(389, 5, 2, 4, '120.7709', '2015-05-02', '2015-05-02 08:00:03', '2015-05-02 08:00:03'),
(390, 5, 3, 4, '115.0199', '2015-05-02', '2015-05-02 08:00:03', '2015-05-02 08:00:03'),
(391, 6, 3, 2, '0.0083', '2015-05-02', '2015-05-02 08:00:04', '2015-05-02 08:00:04'),
(392, 6, 3, 3, '0.0087', '2015-05-02', '2015-05-02 08:00:04', '2015-05-02 08:00:04'),
(393, 6, 3, 5, '0.9573', '2015-05-02', '2015-05-02 08:00:04', '2015-05-02 08:00:04'),
(394, 6, 3, 6, '1.0447', '2015-05-02', '2015-05-02 08:00:04', '2015-05-02 08:00:04'),
(395, 7, 1, 1, '119.7894', '2015-05-02', '2015-05-02 08:00:04', '2015-05-02 08:00:04'),
(396, 7, 2, 1, '120.5102', '2015-05-02', '2015-05-02 08:00:05', '2015-05-02 08:00:05'),
(397, 7, 3, 1, '120.1498', '2015-05-02', '2015-05-02 08:00:05', '2015-05-02 08:00:05'),
(398, 7, 1, 4, '114.6748', '2015-05-02', '2015-05-02 08:00:05', '2015-05-02 08:00:05'),
(399, 7, 2, 4, '115.3650', '2015-05-02', '2015-05-02 08:00:05', '2015-05-02 08:00:05'),
(400, 7, 3, 4, '115.0199', '2015-05-02', '2015-05-02 08:00:05', '2015-05-02 08:00:05'),
(401, 2, 1, 1, '117.7468', '2015-05-03', '2015-05-03 08:00:02', '2015-05-03 08:00:02'),
(402, 2, 2, 1, '122.5528', '2015-05-03', '2015-05-03 08:00:02', '2015-05-03 08:00:02'),
(403, 2, 3, 1, '120.1498', '2015-05-03', '2015-05-03 08:00:02', '2015-05-03 08:00:02'),
(404, 2, 1, 4, '110.4191', '2015-05-03', '2015-05-03 08:00:02', '2015-05-03 08:00:02'),
(405, 2, 2, 4, '119.6207', '2015-05-03', '2015-05-03 08:00:03', '2015-05-03 08:00:03'),
(406, 2, 3, 4, '115.0199', '2015-05-03', '2015-05-03 08:00:03', '2015-05-03 08:00:03'),
(407, 4, 1, 1, '117.7468', '2015-05-03', '2015-05-03 08:00:03', '2015-05-03 08:00:03'),
(408, 4, 2, 1, '123.7783', '2015-05-03', '2015-05-03 08:00:03', '2015-05-03 08:00:03'),
(409, 4, 3, 1, '120.1498', '2015-05-03', '2015-05-03 08:00:03', '2015-05-03 08:00:03'),
(410, 4, 1, 4, '109.2689', '2015-05-03', '2015-05-03 08:00:03', '2015-05-03 08:00:03'),
(411, 4, 2, 4, '121.9786', '2015-05-03', '2015-05-03 08:00:03', '2015-05-03 08:00:03'),
(412, 4, 3, 4, '115.0199', '2015-05-03', '2015-05-03 08:00:03', '2015-05-03 08:00:03'),
(413, 5, 1, 1, '117.1461', '2015-05-03', '2015-05-03 08:00:04', '2015-05-03 08:00:04'),
(414, 5, 2, 1, '122.5528', '2015-05-03', '2015-05-03 08:00:04', '2015-05-03 08:00:04'),
(415, 5, 3, 1, '120.1498', '2015-05-03', '2015-05-03 08:00:04', '2015-05-03 08:00:04'),
(416, 5, 1, 4, '109.2689', '2015-05-03', '2015-05-03 08:00:04', '2015-05-03 08:00:04'),
(417, 5, 2, 4, '120.7709', '2015-05-03', '2015-05-03 08:00:04', '2015-05-03 08:00:04'),
(418, 5, 3, 4, '115.0199', '2015-05-03', '2015-05-03 08:00:04', '2015-05-03 08:00:04'),
(419, 6, 3, 2, '0.0083', '2015-05-03', '2015-05-03 08:00:04', '2015-05-03 08:00:04'),
(420, 6, 3, 3, '0.0087', '2015-05-03', '2015-05-03 08:00:04', '2015-05-03 08:00:04'),
(421, 6, 3, 5, '0.9573', '2015-05-03', '2015-05-03 08:00:04', '2015-05-03 08:00:04'),
(422, 6, 3, 6, '1.0447', '2015-05-03', '2015-05-03 08:00:04', '2015-05-03 08:00:04'),
(423, 7, 1, 1, '119.7894', '2015-05-03', '2015-05-03 08:00:05', '2015-05-03 08:00:05'),
(424, 7, 2, 1, '120.5102', '2015-05-03', '2015-05-03 08:00:05', '2015-05-03 08:00:05'),
(425, 7, 3, 1, '120.1498', '2015-05-03', '2015-05-03 08:00:05', '2015-05-03 08:00:05'),
(426, 7, 1, 4, '114.6748', '2015-05-03', '2015-05-03 08:00:05', '2015-05-03 08:00:05'),
(427, 7, 2, 4, '115.3650', '2015-05-03', '2015-05-03 08:00:05', '2015-05-03 08:00:05'),
(428, 7, 3, 4, '115.0199', '2015-05-03', '2015-05-03 08:00:05', '2015-05-03 08:00:05'),
(429, 2, 1, 1, '117.7372', '2015-05-04', '2015-05-04 08:00:02', '2015-05-04 08:00:02'),
(430, 2, 2, 1, '122.5428', '2015-05-04', '2015-05-04 08:00:02', '2015-05-04 08:00:02'),
(431, 2, 3, 1, '120.1400', '2015-05-04', '2015-05-04 08:00:03', '2015-05-04 08:00:03'),
(432, 2, 1, 4, '110.3045', '2015-05-04', '2015-05-04 08:00:03', '2015-05-04 08:00:03'),
(433, 2, 2, 4, '119.4965', '2015-05-04', '2015-05-04 08:00:03', '2015-05-04 08:00:03'),
(434, 2, 3, 4, '114.9005', '2015-05-04', '2015-05-04 08:00:04', '2015-05-04 08:00:04'),
(435, 4, 1, 1, '117.7372', '2015-05-04', '2015-05-04 08:00:04', '2015-05-04 08:00:04'),
(436, 4, 2, 1, '123.7682', '2015-05-04', '2015-05-04 08:00:04', '2015-05-04 08:00:04'),
(437, 4, 3, 1, '120.1400', '2015-05-04', '2015-05-04 08:00:05', '2015-05-04 08:00:05'),
(438, 4, 1, 4, '109.1555', '2015-05-04', '2015-05-04 08:00:05', '2015-05-04 08:00:05'),
(439, 4, 2, 4, '121.8520', '2015-05-04', '2015-05-04 08:00:06', '2015-05-04 08:00:06'),
(440, 4, 3, 4, '114.9005', '2015-05-04', '2015-05-04 08:00:06', '2015-05-04 08:00:06'),
(441, 5, 1, 1, '117.1365', '2015-05-04', '2015-05-04 08:00:06', '2015-05-04 08:00:06'),
(442, 5, 2, 1, '122.5428', '2015-05-04', '2015-05-04 08:00:06', '2015-05-04 08:00:06'),
(443, 5, 3, 1, '120.1400', '2015-05-04', '2015-05-04 08:00:06', '2015-05-04 08:00:06'),
(444, 5, 1, 4, '109.1555', '2015-05-04', '2015-05-04 08:00:06', '2015-05-04 08:00:06'),
(445, 5, 2, 4, '120.6455', '2015-05-04', '2015-05-04 08:00:06', '2015-05-04 08:00:06'),
(446, 5, 3, 4, '114.9005', '2015-05-04', '2015-05-04 08:00:07', '2015-05-04 08:00:07'),
(447, 6, 3, 2, '0.0083', '2015-05-04', '2015-05-04 08:00:07', '2015-05-04 08:00:07'),
(448, 6, 3, 3, '0.0087', '2015-05-04', '2015-05-04 08:00:07', '2015-05-04 08:00:07'),
(449, 6, 3, 5, '0.9559', '2015-05-04', '2015-05-04 08:00:08', '2015-05-04 08:00:08'),
(450, 6, 3, 6, '1.0462', '2015-05-04', '2015-05-04 08:00:08', '2015-05-04 08:00:08'),
(451, 7, 1, 1, '119.7796', '2015-05-04', '2015-05-04 08:00:08', '2015-05-04 08:00:08'),
(452, 7, 2, 1, '120.5004', '2015-05-04', '2015-05-04 08:00:08', '2015-05-04 08:00:08'),
(453, 7, 3, 1, '120.1400', '2015-05-04', '2015-05-04 08:00:09', '2015-05-04 08:00:09'),
(454, 7, 1, 4, '114.5558', '2015-05-04', '2015-05-04 08:00:09', '2015-05-04 08:00:09'),
(455, 7, 2, 4, '115.2452', '2015-05-04', '2015-05-04 08:00:09', '2015-05-04 08:00:09'),
(456, 7, 3, 4, '114.9005', '2015-05-04', '2015-05-04 08:00:09', '2015-05-04 08:00:09'),
(457, 2, 1, 1, '118.2274', '2015-05-05', '2015-05-05 08:00:01', '2015-05-05 08:00:01'),
(458, 2, 2, 1, '123.0530', '2015-05-05', '2015-05-05 08:00:01', '2015-05-05 08:00:01'),
(459, 2, 3, 1, '120.6402', '2015-05-05', '2015-05-05 08:00:01', '2015-05-05 08:00:01'),
(460, 2, 1, 4, '111.1678', '2015-05-05', '2015-05-05 08:00:01', '2015-05-05 08:00:01'),
(461, 2, 2, 4, '120.4318', '2015-05-05', '2015-05-05 08:00:01', '2015-05-05 08:00:01'),
(462, 2, 3, 4, '115.7998', '2015-05-05', '2015-05-05 08:00:02', '2015-05-05 08:00:02'),
(463, 4, 1, 1, '118.2274', '2015-05-05', '2015-05-05 08:00:02', '2015-05-05 08:00:02'),
(464, 4, 2, 1, '124.2835', '2015-05-05', '2015-05-05 08:00:02', '2015-05-05 08:00:02'),
(465, 4, 3, 1, '120.6402', '2015-05-05', '2015-05-05 08:00:02', '2015-05-05 08:00:02'),
(466, 4, 1, 4, '110.0098', '2015-05-05', '2015-05-05 08:00:03', '2015-05-05 08:00:03'),
(467, 4, 2, 4, '122.8057', '2015-05-05', '2015-05-05 08:00:03', '2015-05-05 08:00:03'),
(468, 4, 3, 4, '115.7998', '2015-05-05', '2015-05-05 08:00:03', '2015-05-05 08:00:03'),
(469, 5, 1, 1, '117.6242', '2015-05-05', '2015-05-05 08:00:03', '2015-05-05 08:00:03'),
(470, 5, 2, 1, '123.0530', '2015-05-05', '2015-05-05 08:00:03', '2015-05-05 08:00:03'),
(471, 5, 3, 1, '120.6402', '2015-05-05', '2015-05-05 08:00:04', '2015-05-05 08:00:04'),
(472, 5, 1, 4, '110.0098', '2015-05-05', '2015-05-05 08:00:04', '2015-05-05 08:00:04'),
(473, 5, 2, 4, '121.5898', '2015-05-05', '2015-05-05 08:00:04', '2015-05-05 08:00:04'),
(474, 5, 3, 4, '115.7998', '2015-05-05', '2015-05-05 08:00:04', '2015-05-05 08:00:04'),
(475, 6, 3, 2, '0.0083', '2015-05-05', '2015-05-05 08:00:04', '2015-05-05 08:00:04'),
(476, 6, 3, 3, '0.0086', '2015-05-05', '2015-05-05 08:00:04', '2015-05-05 08:00:04'),
(477, 6, 3, 5, '0.9604', '2015-05-05', '2015-05-05 08:00:05', '2015-05-05 08:00:05'),
(478, 6, 3, 6, '1.0413', '2015-05-05', '2015-05-05 08:00:05', '2015-05-05 08:00:05'),
(479, 7, 1, 1, '120.2783', '2015-05-05', '2015-05-05 08:00:05', '2015-05-05 08:00:05'),
(480, 7, 2, 1, '121.0021', '2015-05-05', '2015-05-05 08:00:05', '2015-05-05 08:00:05'),
(481, 7, 3, 1, '120.6402', '2015-05-05', '2015-05-05 08:00:05', '2015-05-05 08:00:05'),
(482, 7, 1, 4, '115.4524', '2015-05-05', '2015-05-05 08:00:05', '2015-05-05 08:00:05'),
(483, 7, 2, 4, '116.1472', '2015-05-05', '2015-05-05 08:00:05', '2015-05-05 08:00:05'),
(484, 7, 3, 4, '115.7998', '2015-05-05', '2015-05-05 08:00:05', '2015-05-05 08:00:05'),
(485, 2, 1, 1, '118.2329', '2015-05-06', '2015-05-06 08:00:01', '2015-05-06 08:00:01'),
(486, 2, 2, 1, '123.0587', '2015-05-06', '2015-05-06 08:00:01', '2015-05-06 08:00:01'),
(487, 2, 3, 1, '120.6458', '2015-05-06', '2015-05-06 08:00:02', '2015-05-06 08:00:02'),
(488, 2, 1, 4, '111.4404', '2015-05-06', '2015-05-06 08:00:02', '2015-05-06 08:00:02'),
(489, 2, 2, 4, '120.7270', '2015-05-06', '2015-05-06 08:00:02', '2015-05-06 08:00:02'),
(490, 2, 3, 4, '116.0837', '2015-05-06', '2015-05-06 08:00:02', '2015-05-06 08:00:02'),
(491, 4, 1, 1, '118.2329', '2015-05-06', '2015-05-06 08:00:03', '2015-05-06 08:00:03'),
(492, 4, 2, 1, '124.2893', '2015-05-06', '2015-05-06 08:00:03', '2015-05-06 08:00:03'),
(493, 4, 3, 1, '120.6458', '2015-05-06', '2015-05-06 08:00:04', '2015-05-06 08:00:04'),
(494, 4, 1, 4, '110.2795', '2015-05-06', '2015-05-06 08:00:04', '2015-05-06 08:00:04'),
(495, 4, 2, 4, '123.1068', '2015-05-06', '2015-05-06 08:00:04', '2015-05-06 08:00:04'),
(496, 4, 3, 4, '116.0837', '2015-05-06', '2015-05-06 08:00:04', '2015-05-06 08:00:04'),
(497, 5, 1, 1, '117.6297', '2015-05-06', '2015-05-06 08:00:04', '2015-05-06 08:00:04'),
(498, 5, 2, 1, '123.0587', '2015-05-06', '2015-05-06 08:00:04', '2015-05-06 08:00:04'),
(499, 5, 3, 1, '120.6458', '2015-05-06', '2015-05-06 08:00:04', '2015-05-06 08:00:04'),
(500, 5, 1, 4, '110.2795', '2015-05-06', '2015-05-06 08:00:04', '2015-05-06 08:00:04'),
(501, 5, 2, 4, '121.8879', '2015-05-06', '2015-05-06 08:00:04', '2015-05-06 08:00:04'),
(502, 5, 3, 4, '116.0837', '2015-05-06', '2015-05-06 08:00:05', '2015-05-06 08:00:05'),
(503, 6, 3, 2, '0.0083', '2015-05-06', '2015-05-06 08:00:05', '2015-05-06 08:00:05'),
(504, 6, 3, 3, '0.0086', '2015-05-06', '2015-05-06 08:00:05', '2015-05-06 08:00:05'),
(505, 6, 3, 5, '0.9627', '2015-05-06', '2015-05-06 08:00:05', '2015-05-06 08:00:05'),
(506, 6, 3, 6, '1.0390', '2015-05-06', '2015-05-06 08:00:06', '2015-05-06 08:00:06'),
(507, 7, 1, 1, '120.2839', '2015-05-06', '2015-05-06 08:00:06', '2015-05-06 08:00:06'),
(508, 7, 2, 1, '121.0077', '2015-05-06', '2015-05-06 08:00:06', '2015-05-06 08:00:06'),
(509, 7, 3, 1, '120.6458', '2015-05-06', '2015-05-06 08:00:06', '2015-05-06 08:00:06'),
(510, 7, 1, 4, '115.7354', '2015-05-06', '2015-05-06 08:00:07', '2015-05-06 08:00:07'),
(511, 7, 2, 4, '116.4320', '2015-05-06', '2015-05-06 08:00:07', '2015-05-06 08:00:07'),
(512, 7, 3, 4, '116.0837', '2015-05-06', '2015-05-06 08:00:07', '2015-05-06 08:00:07'),
(513, 2, 1, 1, '118.1969', '2015-05-07', '2015-05-07 08:00:02', '2015-05-07 08:00:02'),
(514, 2, 2, 1, '123.0213', '2015-05-07', '2015-05-07 08:00:02', '2015-05-07 08:00:02'),
(515, 2, 3, 1, '120.6091', '2015-05-07', '2015-05-07 08:00:02', '2015-05-07 08:00:02'),
(516, 2, 1, 4, '111.2780', '2015-05-07', '2015-05-07 08:00:02', '2015-05-07 08:00:02'),
(517, 2, 2, 4, '120.5512', '2015-05-07', '2015-05-07 08:00:02', '2015-05-07 08:00:02'),
(518, 2, 3, 4, '115.9146', '2015-05-07', '2015-05-07 08:00:02', '2015-05-07 08:00:02'),
(519, 4, 1, 1, '118.1969', '2015-05-07', '2015-05-07 08:00:03', '2015-05-07 08:00:03'),
(520, 4, 2, 1, '124.2515', '2015-05-07', '2015-05-07 08:00:03', '2015-05-07 08:00:03'),
(521, 4, 3, 1, '120.6091', '2015-05-07', '2015-05-07 08:00:03', '2015-05-07 08:00:03'),
(522, 4, 1, 4, '110.1189', '2015-05-07', '2015-05-07 08:00:03', '2015-05-07 08:00:03'),
(523, 4, 2, 4, '122.9274', '2015-05-07', '2015-05-07 08:00:03', '2015-05-07 08:00:03'),
(524, 4, 3, 4, '115.9146', '2015-05-07', '2015-05-07 08:00:03', '2015-05-07 08:00:03'),
(525, 5, 1, 1, '117.5939', '2015-05-07', '2015-05-07 08:00:04', '2015-05-07 08:00:04'),
(526, 5, 2, 1, '123.0213', '2015-05-07', '2015-05-07 08:00:04', '2015-05-07 08:00:04'),
(527, 5, 3, 1, '120.6091', '2015-05-07', '2015-05-07 08:00:04', '2015-05-07 08:00:04'),
(528, 5, 1, 4, '110.1189', '2015-05-07', '2015-05-07 08:00:04', '2015-05-07 08:00:04'),
(529, 5, 2, 4, '121.7103', '2015-05-07', '2015-05-07 08:00:04', '2015-05-07 08:00:04'),
(530, 5, 3, 4, '115.9146', '2015-05-07', '2015-05-07 08:00:04', '2015-05-07 08:00:04'),
(531, 6, 3, 2, '0.0083', '2015-05-07', '2015-05-07 08:00:04', '2015-05-07 08:00:04'),
(532, 6, 3, 3, '0.0086', '2015-05-07', '2015-05-07 08:00:04', '2015-05-07 08:00:04'),
(533, 6, 3, 5, '0.9640', '2015-05-07', '2015-05-07 08:00:04', '2015-05-07 08:00:04'),
(534, 6, 3, 6, '1.0374', '2015-05-07', '2015-05-07 08:00:05', '2015-05-07 08:00:05'),
(535, 7, 1, 1, '120.2473', '2015-05-07', '2015-05-07 08:00:05', '2015-05-07 08:00:05'),
(536, 7, 2, 1, '120.9709', '2015-05-07', '2015-05-07 08:00:05', '2015-05-07 08:00:05'),
(537, 7, 3, 1, '120.6091', '2015-05-07', '2015-05-07 08:00:05', '2015-05-07 08:00:05'),
(538, 7, 1, 4, '115.5669', '2015-05-07', '2015-05-07 08:00:05', '2015-05-07 08:00:05'),
(539, 7, 2, 4, '116.2623', '2015-05-07', '2015-05-07 08:00:05', '2015-05-07 08:00:05'),
(540, 7, 3, 4, '115.9146', '2015-05-07', '2015-05-07 08:00:05', '2015-05-07 08:00:05'),
(541, 2, 1, 1, '118.4391', '2015-05-08', '2015-05-08 08:00:01', '2015-05-08 08:00:01'),
(542, 2, 2, 1, '123.2733', '2015-05-08', '2015-05-08 08:00:02', '2015-05-08 08:00:02'),
(543, 2, 3, 1, '120.8562', '2015-05-08', '2015-05-08 08:00:05', '2015-05-08 08:00:05'),
(544, 2, 1, 4, '112.1094', '2015-05-08', '2015-05-08 08:00:06', '2015-05-08 08:00:06'),
(545, 2, 2, 4, '121.4518', '2015-05-08', '2015-05-08 08:00:07', '2015-05-08 08:00:07'),
(546, 2, 3, 4, '116.7806', '2015-05-08', '2015-05-08 08:00:07', '2015-05-08 08:00:07'),
(547, 4, 1, 1, '118.4391', '2015-05-08', '2015-05-08 08:00:08', '2015-05-08 08:00:08'),
(548, 4, 2, 1, '124.5060', '2015-05-08', '2015-05-08 08:00:08', '2015-05-08 08:00:08'),
(549, 4, 3, 1, '120.8562', '2015-05-08', '2015-05-08 08:00:08', '2015-05-08 08:00:08'),
(550, 4, 1, 4, '110.9416', '2015-05-08', '2015-05-08 08:00:09', '2015-05-08 08:00:09'),
(551, 4, 2, 4, '123.8458', '2015-05-08', '2015-05-08 08:00:09', '2015-05-08 08:00:09'),
(552, 4, 3, 4, '116.7806', '2015-05-08', '2015-05-08 08:00:09', '2015-05-08 08:00:09'),
(553, 5, 1, 1, '117.8348', '2015-05-08', '2015-05-08 08:00:09', '2015-05-08 08:00:09'),
(554, 5, 2, 1, '123.2733', '2015-05-08', '2015-05-08 08:00:10', '2015-05-08 08:00:10'),
(555, 5, 3, 1, '120.8562', '2015-05-08', '2015-05-08 08:00:10', '2015-05-08 08:00:10'),
(556, 5, 1, 4, '110.9416', '2015-05-08', '2015-05-08 08:00:10', '2015-05-08 08:00:10'),
(557, 5, 2, 4, '122.6196', '2015-05-08', '2015-05-08 08:00:10', '2015-05-08 08:00:10'),
(558, 5, 3, 4, '116.7806', '2015-05-08', '2015-05-08 08:00:10', '2015-05-08 08:00:10'),
(559, 6, 3, 2, '0.0083', '2015-05-08', '2015-05-08 08:00:10', '2015-05-08 08:00:10'),
(560, 6, 3, 3, '0.0085', '2015-05-08', '2015-05-08 08:00:11', '2015-05-08 08:00:11'),
(561, 6, 3, 5, '0.9652', '2015-05-08', '2015-05-08 08:00:11', '2015-05-08 08:00:11'),
(562, 6, 3, 6, '1.0362', '2015-05-08', '2015-05-08 08:00:12', '2015-05-08 08:00:12'),
(563, 7, 1, 1, '120.4936', '2015-05-08', '2015-05-08 08:00:12', '2015-05-08 08:00:12'),
(564, 7, 2, 1, '121.2188', '2015-05-08', '2015-05-08 08:00:12', '2015-05-08 08:00:12'),
(565, 7, 3, 1, '120.8562', '2015-05-08', '2015-05-08 08:00:12', '2015-05-08 08:00:12'),
(566, 7, 1, 4, '116.4303', '2015-05-08', '2015-05-08 08:00:12', '2015-05-08 08:00:12'),
(567, 7, 2, 4, '117.1309', '2015-05-08', '2015-05-08 08:00:12', '2015-05-08 08:00:12'),
(568, 7, 3, 4, '116.7806', '2015-05-08', '2015-05-08 08:00:12', '2015-05-08 08:00:12'),
(569, 2, 1, 1, '118.4391', '2015-05-09', '2015-05-09 08:00:01', '2015-05-09 08:00:01'),
(570, 2, 2, 1, '123.2733', '2015-05-09', '2015-05-09 08:00:02', '2015-05-09 08:00:02'),
(571, 2, 3, 1, '120.8562', '2015-05-09', '2015-05-09 08:00:02', '2015-05-09 08:00:02'),
(572, 2, 1, 4, '112.1094', '2015-05-09', '2015-05-09 08:00:02', '2015-05-09 08:00:02'),
(573, 2, 2, 4, '121.4518', '2015-05-09', '2015-05-09 08:00:02', '2015-05-09 08:00:02'),
(574, 2, 3, 4, '116.7806', '2015-05-09', '2015-05-09 08:00:03', '2015-05-09 08:00:03'),
(575, 4, 1, 1, '118.4391', '2015-05-09', '2015-05-09 08:00:03', '2015-05-09 08:00:03'),
(576, 4, 2, 1, '124.5060', '2015-05-09', '2015-05-09 08:00:03', '2015-05-09 08:00:03'),
(577, 4, 3, 1, '120.8562', '2015-05-09', '2015-05-09 08:00:03', '2015-05-09 08:00:03'),
(578, 4, 1, 4, '110.9416', '2015-05-09', '2015-05-09 08:00:03', '2015-05-09 08:00:03'),
(579, 4, 2, 4, '123.8458', '2015-05-09', '2015-05-09 08:00:03', '2015-05-09 08:00:03'),
(580, 4, 3, 4, '116.7806', '2015-05-09', '2015-05-09 08:00:04', '2015-05-09 08:00:04'),
(581, 5, 1, 1, '117.8348', '2015-05-09', '2015-05-09 08:00:04', '2015-05-09 08:00:04'),
(582, 5, 2, 1, '123.2733', '2015-05-09', '2015-05-09 08:00:04', '2015-05-09 08:00:04'),
(583, 5, 3, 1, '120.8562', '2015-05-09', '2015-05-09 08:00:04', '2015-05-09 08:00:04');
INSERT INTO `rates` (`id`, `provider_id`, `type_id`, `pair_id`, `rate`, `date`, `created_at`, `updated_at`) VALUES
(584, 5, 1, 4, '110.9416', '2015-05-09', '2015-05-09 08:00:04', '2015-05-09 08:00:04'),
(585, 5, 2, 4, '122.6196', '2015-05-09', '2015-05-09 08:00:04', '2015-05-09 08:00:04'),
(586, 5, 3, 4, '116.7806', '2015-05-09', '2015-05-09 08:00:04', '2015-05-09 08:00:04'),
(587, 6, 3, 2, '0.0083', '2015-05-09', '2015-05-09 08:00:05', '2015-05-09 08:00:05'),
(588, 6, 3, 3, '0.0087', '2015-05-09', '2015-05-09 08:00:05', '2015-05-09 08:00:05'),
(589, 6, 3, 5, '0.9567', '2015-05-09', '2015-05-09 08:00:06', '2015-05-09 08:00:06'),
(590, 6, 3, 6, '1.0452', '2015-05-09', '2015-05-09 08:00:06', '2015-05-09 08:00:06'),
(591, 7, 1, 1, '120.4936', '2015-05-09', '2015-05-09 08:00:06', '2015-05-09 08:00:06'),
(592, 7, 2, 1, '121.2188', '2015-05-09', '2015-05-09 08:00:06', '2015-05-09 08:00:06'),
(593, 7, 3, 1, '120.8562', '2015-05-09', '2015-05-09 08:00:06', '2015-05-09 08:00:06'),
(594, 7, 1, 4, '116.4303', '2015-05-09', '2015-05-09 08:00:07', '2015-05-09 08:00:07'),
(595, 7, 2, 4, '117.1309', '2015-05-09', '2015-05-09 08:00:07', '2015-05-09 08:00:07'),
(596, 7, 3, 4, '116.7806', '2015-05-09', '2015-05-09 08:00:07', '2015-05-09 08:00:07'),
(597, 2, 1, 1, '118.4391', '2015-05-10', '2015-05-10 08:00:01', '2015-05-10 08:00:01'),
(598, 2, 2, 1, '123.2733', '2015-05-10', '2015-05-10 08:00:02', '2015-05-10 08:00:02'),
(599, 2, 3, 1, '120.8562', '2015-05-10', '2015-05-10 08:00:02', '2015-05-10 08:00:02'),
(600, 2, 1, 4, '112.1094', '2015-05-10', '2015-05-10 08:00:02', '2015-05-10 08:00:02'),
(601, 2, 2, 4, '121.4518', '2015-05-10', '2015-05-10 08:00:02', '2015-05-10 08:00:02'),
(602, 2, 3, 4, '116.7806', '2015-05-10', '2015-05-10 08:00:03', '2015-05-10 08:00:03'),
(603, 4, 1, 1, '118.4391', '2015-05-10', '2015-05-10 08:00:03', '2015-05-10 08:00:03'),
(604, 4, 2, 1, '124.5060', '2015-05-10', '2015-05-10 08:00:03', '2015-05-10 08:00:03'),
(605, 4, 3, 1, '120.8562', '2015-05-10', '2015-05-10 08:00:04', '2015-05-10 08:00:04'),
(606, 4, 1, 4, '110.9416', '2015-05-10', '2015-05-10 08:00:04', '2015-05-10 08:00:04'),
(607, 4, 2, 4, '123.8458', '2015-05-10', '2015-05-10 08:00:04', '2015-05-10 08:00:04'),
(608, 4, 3, 4, '116.7806', '2015-05-10', '2015-05-10 08:00:04', '2015-05-10 08:00:04'),
(609, 5, 1, 1, '117.8348', '2015-05-10', '2015-05-10 08:00:04', '2015-05-10 08:00:04'),
(610, 5, 2, 1, '123.2733', '2015-05-10', '2015-05-10 08:00:04', '2015-05-10 08:00:04'),
(611, 5, 3, 1, '120.8562', '2015-05-10', '2015-05-10 08:00:04', '2015-05-10 08:00:04'),
(612, 5, 1, 4, '110.9416', '2015-05-10', '2015-05-10 08:00:05', '2015-05-10 08:00:05'),
(613, 5, 2, 4, '122.6196', '2015-05-10', '2015-05-10 08:00:05', '2015-05-10 08:00:05'),
(614, 5, 3, 4, '116.7806', '2015-05-10', '2015-05-10 08:00:05', '2015-05-10 08:00:05'),
(615, 6, 3, 2, '0.0083', '2015-05-10', '2015-05-10 08:00:05', '2015-05-10 08:00:05'),
(616, 6, 3, 3, '0.0087', '2015-05-10', '2015-05-10 08:00:05', '2015-05-10 08:00:05'),
(617, 6, 3, 5, '0.9567', '2015-05-10', '2015-05-10 08:00:05', '2015-05-10 08:00:05'),
(618, 6, 3, 6, '1.0452', '2015-05-10', '2015-05-10 08:00:06', '2015-05-10 08:00:06'),
(619, 7, 1, 1, '120.4936', '2015-05-10', '2015-05-10 08:00:06', '2015-05-10 08:00:06'),
(620, 7, 2, 1, '121.2188', '2015-05-10', '2015-05-10 08:00:06', '2015-05-10 08:00:06'),
(621, 7, 3, 1, '120.8562', '2015-05-10', '2015-05-10 08:00:06', '2015-05-10 08:00:06'),
(622, 7, 1, 4, '116.4303', '2015-05-10', '2015-05-10 08:00:06', '2015-05-10 08:00:06'),
(623, 7, 2, 4, '117.1309', '2015-05-10', '2015-05-10 08:00:07', '2015-05-10 08:00:07'),
(624, 7, 3, 4, '116.7806', '2015-05-10', '2015-05-10 08:00:07', '2015-05-10 08:00:07'),
(625, 2, 1, 1, '118.4260', '2015-05-11', '2015-05-11 08:00:02', '2015-05-11 08:00:02'),
(626, 2, 2, 1, '123.2598', '2015-05-11', '2015-05-11 08:00:03', '2015-05-11 08:00:03'),
(627, 2, 3, 1, '120.8429', '2015-05-11', '2015-05-11 08:00:05', '2015-05-11 08:00:05'),
(628, 2, 1, 4, '111.4294', '2015-05-11', '2015-05-11 08:00:05', '2015-05-11 08:00:05'),
(629, 2, 2, 4, '120.7152', '2015-05-11', '2015-05-11 08:00:05', '2015-05-11 08:00:05'),
(630, 2, 3, 4, '116.0723', '2015-05-11', '2015-05-11 08:00:08', '2015-05-11 08:00:08'),
(631, 4, 1, 1, '118.4260', '2015-05-11', '2015-05-11 08:00:15', '2015-05-11 08:00:15'),
(632, 4, 2, 1, '124.4924', '2015-05-11', '2015-05-11 08:00:15', '2015-05-11 08:00:15'),
(633, 4, 3, 1, '120.8429', '2015-05-11', '2015-05-11 08:00:15', '2015-05-11 08:00:15'),
(634, 4, 1, 4, '110.2687', '2015-05-11', '2015-05-11 08:00:16', '2015-05-11 08:00:16'),
(635, 4, 2, 4, '123.0947', '2015-05-11', '2015-05-11 08:00:17', '2015-05-11 08:00:17'),
(636, 4, 3, 4, '116.0723', '2015-05-11', '2015-05-11 08:00:17', '2015-05-11 08:00:17'),
(637, 5, 1, 1, '117.8218', '2015-05-11', '2015-05-11 08:00:18', '2015-05-11 08:00:18'),
(638, 5, 2, 1, '123.2598', '2015-05-11', '2015-05-11 08:00:18', '2015-05-11 08:00:18'),
(639, 5, 3, 1, '120.8429', '2015-05-11', '2015-05-11 08:00:19', '2015-05-11 08:00:19'),
(640, 5, 1, 4, '110.2687', '2015-05-11', '2015-05-11 08:00:19', '2015-05-11 08:00:19'),
(641, 5, 2, 4, '121.8759', '2015-05-11', '2015-05-11 08:00:19', '2015-05-11 08:00:19'),
(642, 5, 3, 4, '116.0723', '2015-05-11', '2015-05-11 08:00:20', '2015-05-11 08:00:20'),
(643, 6, 3, 2, '0.0083', '2015-05-11', '2015-05-11 08:00:21', '2015-05-11 08:00:21'),
(644, 6, 3, 3, '0.0086', '2015-05-11', '2015-05-11 08:00:47', '2015-05-11 08:00:47'),
(645, 6, 3, 5, '0.9620', '2015-05-11', '2015-05-11 08:00:49', '2015-05-11 08:00:49'),
(646, 6, 3, 6, '1.0394', '2015-05-11', '2015-05-11 08:00:52', '2015-05-11 08:00:52'),
(647, 7, 1, 1, '120.4804', '2015-05-11', '2015-05-11 08:00:54', '2015-05-11 08:00:54'),
(648, 7, 2, 1, '121.2054', '2015-05-11', '2015-05-11 08:00:54', '2015-05-11 08:00:54'),
(649, 7, 3, 1, '120.8429', '2015-05-11', '2015-05-11 08:01:02', '2015-05-11 08:01:02'),
(650, 7, 1, 4, '115.7241', '2015-05-11', '2015-05-11 08:01:05', '2015-05-11 08:01:05'),
(651, 7, 2, 4, '116.4205', '2015-05-11', '2015-05-11 08:01:05', '2015-05-11 08:01:05'),
(652, 7, 3, 4, '116.0723', '2015-05-11', '2015-05-11 08:01:05', '2015-05-11 08:01:05'),
(653, 6, 3, 2, '0.0083', '2015-05-12', '2015-05-12 08:00:02', '2015-05-12 08:00:02'),
(654, 6, 3, 3, '0.0086', '2015-05-12', '2015-05-12 08:00:02', '2015-05-12 08:00:02'),
(655, 6, 3, 5, '0.9596', '2015-05-12', '2015-05-12 08:00:02', '2015-05-12 08:00:02'),
(656, 6, 3, 6, '1.0421', '2015-05-12', '2015-05-12 08:00:03', '2015-05-12 08:00:03'),
(657, 7, 1, 1, '120.2890', '2015-05-12', '2015-05-12 08:00:03', '2015-05-12 08:00:03'),
(658, 7, 2, 1, '121.0130', '2015-05-12', '2015-05-12 08:00:03', '2015-05-12 08:00:03'),
(659, 7, 3, 1, '120.6510', '2015-05-12', '2015-05-12 08:00:03', '2015-05-12 08:00:03'),
(660, 7, 1, 4, '115.2967', '2015-05-12', '2015-05-12 08:00:04', '2015-05-12 08:00:04'),
(661, 7, 2, 4, '115.9905', '2015-05-12', '2015-05-12 08:00:04', '2015-05-12 08:00:04'),
(662, 7, 3, 4, '115.6436', '2015-05-12', '2015-05-12 08:00:04', '2015-05-12 08:00:04'),
(663, 2, 1, 1, '118.0756', '2015-05-13', '2015-05-13 08:00:01', '2015-05-13 08:00:01'),
(664, 2, 2, 1, '122.8950', '2015-05-13', '2015-05-13 08:00:04', '2015-05-13 08:00:04'),
(665, 2, 3, 1, '120.4853', '2015-05-13', '2015-05-13 08:00:04', '2015-05-13 08:00:04'),
(666, 2, 1, 4, '110.8973', '2015-05-13', '2015-05-13 08:00:06', '2015-05-13 08:00:06'),
(667, 2, 2, 4, '120.1387', '2015-05-13', '2015-05-13 08:00:11', '2015-05-13 08:00:11'),
(668, 2, 3, 4, '115.5180', '2015-05-13', '2015-05-13 08:00:14', '2015-05-13 08:00:14'),
(669, 4, 1, 1, '118.0756', '2015-05-13', '2015-05-13 08:00:16', '2015-05-13 08:00:16'),
(670, 4, 2, 1, '124.1240', '2015-05-13', '2015-05-13 08:00:17', '2015-05-13 08:00:17'),
(671, 4, 3, 1, '120.4853', '2015-05-13', '2015-05-13 08:00:17', '2015-05-13 08:00:17'),
(672, 4, 1, 4, '109.7421', '2015-05-13', '2015-05-13 08:00:17', '2015-05-13 08:00:17'),
(673, 4, 2, 4, '122.5068', '2015-05-13', '2015-05-13 08:00:17', '2015-05-13 08:00:17'),
(674, 4, 3, 4, '115.5180', '2015-05-13', '2015-05-13 08:00:18', '2015-05-13 08:00:18'),
(675, 5, 1, 1, '117.4732', '2015-05-13', '2015-05-13 08:00:23', '2015-05-13 08:00:23'),
(676, 5, 2, 1, '122.8950', '2015-05-13', '2015-05-13 08:00:24', '2015-05-13 08:00:24'),
(677, 5, 3, 1, '120.4853', '2015-05-13', '2015-05-13 08:00:25', '2015-05-13 08:00:25'),
(678, 5, 1, 4, '109.7421', '2015-05-13', '2015-05-13 08:00:25', '2015-05-13 08:00:25'),
(679, 5, 2, 4, '121.2939', '2015-05-13', '2015-05-13 08:00:25', '2015-05-13 08:00:25'),
(680, 5, 3, 4, '115.5180', '2015-05-13', '2015-05-13 08:00:26', '2015-05-13 08:00:26'),
(681, 6, 3, 2, '0.0083', '2015-05-13', '2015-05-13 08:00:26', '2015-05-13 08:00:26'),
(682, 6, 3, 3, '0.0087', '2015-05-13', '2015-05-13 08:00:27', '2015-05-13 08:00:27'),
(683, 6, 3, 5, '0.9593', '2015-05-13', '2015-05-13 08:00:27', '2015-05-13 08:00:27'),
(684, 6, 3, 6, '1.0422', '2015-05-13', '2015-05-13 08:00:28', '2015-05-13 08:00:28'),
(685, 7, 1, 1, '120.1238', '2015-05-13', '2015-05-13 08:00:33', '2015-05-13 08:00:33'),
(686, 7, 2, 1, '120.8468', '2015-05-13', '2015-05-13 08:00:33', '2015-05-13 08:00:33'),
(687, 7, 3, 1, '120.4853', '2015-05-13', '2015-05-13 08:00:34', '2015-05-13 08:00:34'),
(688, 7, 1, 4, '115.1714', '2015-05-13', '2015-05-13 08:00:34', '2015-05-13 08:00:34'),
(689, 7, 2, 4, '115.8646', '2015-05-13', '2015-05-13 08:00:34', '2015-05-13 08:00:34'),
(690, 7, 3, 4, '115.5180', '2015-05-13', '2015-05-13 08:00:34', '2015-05-13 08:00:34'),
(691, 2, 1, 1, '117.9142', '2015-05-14', '2015-05-14 08:00:01', '2015-05-14 08:00:01'),
(692, 2, 2, 1, '122.7270', '2015-05-14', '2015-05-14 08:00:02', '2015-05-14 08:00:02'),
(693, 2, 3, 1, '120.3206', '2015-05-14', '2015-05-14 08:00:02', '2015-05-14 08:00:02'),
(694, 2, 1, 4, '110.9584', '2015-05-14', '2015-05-14 08:00:02', '2015-05-14 08:00:02'),
(695, 2, 2, 4, '120.2050', '2015-05-14', '2015-05-14 08:00:02', '2015-05-14 08:00:02'),
(696, 2, 3, 4, '115.5817', '2015-05-14', '2015-05-14 08:00:02', '2015-05-14 08:00:02'),
(697, 4, 1, 1, '117.9142', '2015-05-14', '2015-05-14 08:00:02', '2015-05-14 08:00:02'),
(698, 4, 2, 1, '123.9543', '2015-05-14', '2015-05-14 08:00:03', '2015-05-14 08:00:03'),
(699, 4, 3, 1, '120.3206', '2015-05-14', '2015-05-14 08:00:03', '2015-05-14 08:00:03'),
(700, 4, 1, 4, '109.8026', '2015-05-14', '2015-05-14 08:00:03', '2015-05-14 08:00:03'),
(701, 4, 2, 4, '122.5744', '2015-05-14', '2015-05-14 08:00:03', '2015-05-14 08:00:03'),
(702, 4, 3, 4, '115.5817', '2015-05-14', '2015-05-14 08:00:03', '2015-05-14 08:00:03'),
(703, 5, 1, 1, '117.3126', '2015-05-14', '2015-05-14 08:00:03', '2015-05-14 08:00:03'),
(704, 5, 2, 1, '122.7270', '2015-05-14', '2015-05-14 08:00:03', '2015-05-14 08:00:03'),
(705, 5, 3, 1, '120.3206', '2015-05-14', '2015-05-14 08:00:03', '2015-05-14 08:00:03'),
(706, 5, 1, 4, '109.8026', '2015-05-14', '2015-05-14 08:00:03', '2015-05-14 08:00:03'),
(707, 5, 2, 4, '121.3608', '2015-05-14', '2015-05-14 08:00:03', '2015-05-14 08:00:03'),
(708, 5, 3, 4, '115.5817', '2015-05-14', '2015-05-14 08:00:03', '2015-05-14 08:00:03'),
(709, 6, 3, 2, '0.0083', '2015-05-14', '2015-05-14 08:00:04', '2015-05-14 08:00:04'),
(710, 6, 3, 3, '0.0087', '2015-05-14', '2015-05-14 08:00:04', '2015-05-14 08:00:04'),
(711, 6, 3, 5, '0.9599', '2015-05-14', '2015-05-14 08:00:04', '2015-05-14 08:00:04'),
(712, 6, 3, 6, '1.0416', '2015-05-14', '2015-05-14 08:00:05', '2015-05-14 08:00:05'),
(713, 7, 1, 1, '119.9596', '2015-05-14', '2015-05-14 08:00:05', '2015-05-14 08:00:05'),
(714, 7, 2, 1, '120.6816', '2015-05-14', '2015-05-14 08:00:05', '2015-05-14 08:00:05'),
(715, 7, 3, 1, '120.3206', '2015-05-14', '2015-05-14 08:00:05', '2015-05-14 08:00:05'),
(716, 7, 1, 4, '115.2350', '2015-05-14', '2015-05-14 08:00:06', '2015-05-14 08:00:06'),
(717, 7, 2, 4, '115.9284', '2015-05-14', '2015-05-14 08:00:06', '2015-05-14 08:00:06'),
(718, 7, 3, 4, '115.5817', '2015-05-14', '2015-05-14 08:00:06', '2015-05-14 08:00:06'),
(719, 2, 1, 1, '117.9497', '2015-05-15', '2015-05-15 08:00:02', '2015-05-15 08:00:02'),
(720, 2, 2, 1, '122.7639', '2015-05-15', '2015-05-15 08:00:33', '2015-05-15 08:00:33'),
(721, 2, 3, 1, '120.3568', '2015-05-15', '2015-05-15 08:00:34', '2015-05-15 08:00:34'),
(722, 2, 1, 4, '110.8854', '2015-05-15', '2015-05-15 08:00:36', '2015-05-15 08:00:36'),
(723, 2, 2, 4, '120.1258', '2015-05-15', '2015-05-15 08:00:37', '2015-05-15 08:00:37'),
(724, 2, 3, 4, '115.5056', '2015-05-15', '2015-05-15 08:00:38', '2015-05-15 08:00:38'),
(725, 4, 1, 1, '117.9497', '2015-05-15', '2015-05-15 08:00:38', '2015-05-15 08:00:38'),
(726, 4, 2, 1, '123.9915', '2015-05-15', '2015-05-15 08:00:39', '2015-05-15 08:00:39'),
(727, 4, 3, 1, '120.3568', '2015-05-15', '2015-05-15 08:00:39', '2015-05-15 08:00:39'),
(728, 4, 1, 4, '109.7303', '2015-05-15', '2015-05-15 08:00:39', '2015-05-15 08:00:39'),
(729, 4, 2, 4, '122.4937', '2015-05-15', '2015-05-15 08:00:40', '2015-05-15 08:00:40'),
(730, 4, 3, 4, '115.5056', '2015-05-15', '2015-05-15 08:00:40', '2015-05-15 08:00:40'),
(731, 5, 1, 1, '117.3479', '2015-05-15', '2015-05-15 08:00:40', '2015-05-15 08:00:40'),
(732, 5, 2, 1, '122.7639', '2015-05-15', '2015-05-15 08:00:41', '2015-05-15 08:00:41'),
(733, 5, 3, 1, '120.3568', '2015-05-15', '2015-05-15 08:00:42', '2015-05-15 08:00:42'),
(734, 5, 1, 4, '109.7303', '2015-05-15', '2015-05-15 08:00:43', '2015-05-15 08:00:43'),
(735, 5, 2, 4, '121.2809', '2015-05-15', '2015-05-15 08:00:43', '2015-05-15 08:00:43'),
(736, 5, 3, 4, '115.5056', '2015-05-15', '2015-05-15 08:00:43', '2015-05-15 08:00:43'),
(737, 6, 3, 2, '0.0083', '2015-05-15', '2015-05-15 08:00:44', '2015-05-15 08:00:44'),
(738, 6, 3, 3, '0.0087', '2015-05-15', '2015-05-15 08:00:44', '2015-05-15 08:00:44'),
(739, 6, 3, 5, '0.9602', '2015-05-15', '2015-05-15 08:00:45', '2015-05-15 08:00:45'),
(740, 6, 3, 6, '1.0413', '2015-05-15', '2015-05-15 08:00:45', '2015-05-15 08:00:45'),
(741, 7, 1, 1, '119.9957', '2015-05-15', '2015-05-15 08:00:46', '2015-05-15 08:00:46'),
(742, 7, 2, 1, '120.7179', '2015-05-15', '2015-05-15 08:00:46', '2015-05-15 08:00:46'),
(743, 7, 3, 1, '120.3568', '2015-05-15', '2015-05-15 08:00:46', '2015-05-15 08:00:46'),
(744, 7, 1, 4, '115.1591', '2015-05-15', '2015-05-15 08:00:47', '2015-05-15 08:00:47'),
(745, 7, 2, 4, '115.8521', '2015-05-15', '2015-05-15 08:00:47', '2015-05-15 08:00:47'),
(746, 7, 3, 4, '115.5056', '2015-05-15', '2015-05-15 08:00:47', '2015-05-15 08:00:47'),
(747, 2, 1, 1, '117.9497', '2015-05-16', '2015-05-16 08:00:01', '2015-05-16 08:00:01'),
(748, 2, 2, 1, '122.7639', '2015-05-16', '2015-05-16 08:00:02', '2015-05-16 08:00:02'),
(749, 2, 3, 1, '120.3568', '2015-05-16', '2015-05-16 08:00:02', '2015-05-16 08:00:02'),
(750, 2, 1, 4, '110.8854', '2015-05-16', '2015-05-16 08:00:02', '2015-05-16 08:00:02'),
(751, 2, 2, 4, '120.1258', '2015-05-16', '2015-05-16 08:00:02', '2015-05-16 08:00:02'),
(752, 2, 3, 4, '115.5056', '2015-05-16', '2015-05-16 08:00:03', '2015-05-16 08:00:03'),
(753, 4, 1, 1, '117.9497', '2015-05-16', '2015-05-16 08:00:03', '2015-05-16 08:00:03'),
(754, 4, 2, 1, '123.9915', '2015-05-16', '2015-05-16 08:00:06', '2015-05-16 08:00:06'),
(755, 4, 3, 1, '120.3568', '2015-05-16', '2015-05-16 08:00:06', '2015-05-16 08:00:06'),
(756, 4, 1, 4, '109.7303', '2015-05-16', '2015-05-16 08:00:06', '2015-05-16 08:00:06'),
(757, 4, 2, 4, '122.4937', '2015-05-16', '2015-05-16 08:00:07', '2015-05-16 08:00:07'),
(758, 4, 3, 4, '115.5056', '2015-05-16', '2015-05-16 08:00:07', '2015-05-16 08:00:07'),
(759, 5, 1, 1, '117.3479', '2015-05-16', '2015-05-16 08:00:07', '2015-05-16 08:00:07'),
(760, 5, 2, 1, '122.7639', '2015-05-16', '2015-05-16 08:00:07', '2015-05-16 08:00:07'),
(761, 5, 3, 1, '120.3568', '2015-05-16', '2015-05-16 08:00:07', '2015-05-16 08:00:07'),
(762, 5, 1, 4, '109.7303', '2015-05-16', '2015-05-16 08:00:07', '2015-05-16 08:00:07'),
(763, 5, 2, 4, '121.2809', '2015-05-16', '2015-05-16 08:00:07', '2015-05-16 08:00:07'),
(764, 5, 3, 4, '115.5056', '2015-05-16', '2015-05-16 08:00:08', '2015-05-16 08:00:08'),
(765, 6, 3, 2, '0.0083', '2015-05-16', '2015-05-16 08:00:08', '2015-05-16 08:00:08'),
(766, 6, 3, 3, '0.0087', '2015-05-16', '2015-05-16 08:00:08', '2015-05-16 08:00:08'),
(767, 6, 3, 5, '0.9585', '2015-05-16', '2015-05-16 08:00:08', '2015-05-16 08:00:08'),
(768, 6, 3, 6, '1.0434', '2015-05-16', '2015-05-16 08:00:08', '2015-05-16 08:00:08'),
(769, 7, 1, 1, '119.9957', '2015-05-16', '2015-05-16 08:00:09', '2015-05-16 08:00:09'),
(770, 7, 2, 1, '120.7179', '2015-05-16', '2015-05-16 08:00:09', '2015-05-16 08:00:09'),
(771, 7, 3, 1, '120.3568', '2015-05-16', '2015-05-16 08:00:09', '2015-05-16 08:00:09'),
(772, 7, 1, 4, '115.1591', '2015-05-16', '2015-05-16 08:00:09', '2015-05-16 08:00:09'),
(773, 7, 2, 4, '115.8521', '2015-05-16', '2015-05-16 08:00:09', '2015-05-16 08:00:09'),
(774, 7, 3, 4, '115.5056', '2015-05-16', '2015-05-16 08:00:10', '2015-05-16 08:00:10'),
(775, 2, 1, 1, '117.9497', '2015-05-17', '2015-05-17 08:00:02', '2015-05-17 08:00:02'),
(776, 2, 2, 1, '122.7639', '2015-05-17', '2015-05-17 08:00:02', '2015-05-17 08:00:02'),
(777, 2, 3, 1, '120.3568', '2015-05-17', '2015-05-17 08:00:02', '2015-05-17 08:00:02'),
(778, 2, 1, 4, '110.8854', '2015-05-17', '2015-05-17 08:00:03', '2015-05-17 08:00:03'),
(779, 2, 2, 4, '120.1258', '2015-05-17', '2015-05-17 08:00:03', '2015-05-17 08:00:03'),
(780, 2, 3, 4, '115.5056', '2015-05-17', '2015-05-17 08:00:03', '2015-05-17 08:00:03'),
(781, 4, 1, 1, '117.9497', '2015-05-17', '2015-05-17 08:00:03', '2015-05-17 08:00:03'),
(782, 4, 2, 1, '123.9915', '2015-05-17', '2015-05-17 08:00:03', '2015-05-17 08:00:03'),
(783, 4, 3, 1, '120.3568', '2015-05-17', '2015-05-17 08:00:03', '2015-05-17 08:00:03'),
(784, 4, 1, 4, '109.7303', '2015-05-17', '2015-05-17 08:00:04', '2015-05-17 08:00:04'),
(785, 4, 2, 4, '122.4937', '2015-05-17', '2015-05-17 08:00:04', '2015-05-17 08:00:04'),
(786, 4, 3, 4, '115.5056', '2015-05-17', '2015-05-17 08:00:04', '2015-05-17 08:00:04'),
(787, 5, 1, 1, '117.3479', '2015-05-17', '2015-05-17 08:00:04', '2015-05-17 08:00:04'),
(788, 5, 2, 1, '122.7639', '2015-05-17', '2015-05-17 08:00:04', '2015-05-17 08:00:04'),
(789, 5, 3, 1, '120.3568', '2015-05-17', '2015-05-17 08:00:04', '2015-05-17 08:00:04'),
(790, 5, 1, 4, '109.7303', '2015-05-17', '2015-05-17 08:00:05', '2015-05-17 08:00:05'),
(791, 5, 2, 4, '121.2809', '2015-05-17', '2015-05-17 08:00:05', '2015-05-17 08:00:05'),
(792, 5, 3, 4, '115.5056', '2015-05-17', '2015-05-17 08:00:05', '2015-05-17 08:00:05'),
(793, 6, 3, 2, '0.0083', '2015-05-17', '2015-05-17 08:00:05', '2015-05-17 08:00:05'),
(794, 6, 3, 3, '0.0087', '2015-05-17', '2015-05-17 08:00:05', '2015-05-17 08:00:05'),
(795, 6, 3, 5, '0.9585', '2015-05-17', '2015-05-17 08:00:06', '2015-05-17 08:00:06'),
(796, 6, 3, 6, '1.0434', '2015-05-17', '2015-05-17 08:00:06', '2015-05-17 08:00:06'),
(797, 7, 1, 1, '119.9957', '2015-05-17', '2015-05-17 08:00:06', '2015-05-17 08:00:06'),
(798, 7, 2, 1, '120.7179', '2015-05-17', '2015-05-17 08:00:06', '2015-05-17 08:00:06'),
(799, 7, 3, 1, '120.3568', '2015-05-17', '2015-05-17 08:00:06', '2015-05-17 08:00:06'),
(800, 7, 1, 4, '115.1591', '2015-05-17', '2015-05-17 08:00:07', '2015-05-17 08:00:07'),
(801, 7, 2, 4, '115.8521', '2015-05-17', '2015-05-17 08:00:07', '2015-05-17 08:00:07'),
(802, 7, 3, 4, '115.5056', '2015-05-17', '2015-05-17 08:00:07', '2015-05-17 08:00:07'),
(803, 2, 1, 1, '118.0669', '2015-05-18', '2015-05-18 08:00:02', '2015-05-18 08:00:02'),
(804, 2, 2, 1, '122.8859', '2015-05-18', '2015-05-18 08:00:03', '2015-05-18 08:00:03'),
(805, 2, 3, 1, '120.4764', '2015-05-18', '2015-05-18 08:00:04', '2015-05-18 08:00:04'),
(806, 2, 1, 4, '110.2759', '2015-05-18', '2015-05-18 08:00:04', '2015-05-18 08:00:04'),
(807, 2, 2, 4, '119.4655', '2015-05-18', '2015-05-18 08:00:06', '2015-05-18 08:00:06'),
(808, 2, 3, 4, '114.8707', '2015-05-18', '2015-05-18 08:00:08', '2015-05-18 08:00:08'),
(809, 4, 1, 1, '118.0669', '2015-05-18', '2015-05-18 08:00:10', '2015-05-18 08:00:10'),
(810, 4, 2, 1, '124.1148', '2015-05-18', '2015-05-18 08:00:10', '2015-05-18 08:00:10'),
(811, 4, 3, 1, '120.4764', '2015-05-18', '2015-05-18 08:00:11', '2015-05-18 08:00:11'),
(812, 4, 1, 4, '109.1272', '2015-05-18', '2015-05-18 08:00:11', '2015-05-18 08:00:11'),
(813, 4, 2, 4, '121.8203', '2015-05-18', '2015-05-18 08:00:12', '2015-05-18 08:00:12'),
(814, 4, 3, 4, '114.8707', '2015-05-18', '2015-05-18 08:00:14', '2015-05-18 08:00:14'),
(815, 5, 1, 1, '117.4645', '2015-05-18', '2015-05-18 08:00:15', '2015-05-18 08:00:15'),
(816, 5, 2, 1, '122.8859', '2015-05-18', '2015-05-18 08:00:16', '2015-05-18 08:00:16'),
(817, 5, 3, 1, '120.4764', '2015-05-18', '2015-05-18 08:00:16', '2015-05-18 08:00:16'),
(818, 5, 1, 4, '109.1272', '2015-05-18', '2015-05-18 08:00:16', '2015-05-18 08:00:16'),
(819, 5, 2, 4, '120.6142', '2015-05-18', '2015-05-18 08:00:16', '2015-05-18 08:00:16'),
(820, 5, 3, 4, '114.8707', '2015-05-18', '2015-05-18 08:00:16', '2015-05-18 08:00:16'),
(821, 6, 3, 2, '0.0083', '2015-05-18', '2015-05-18 08:00:18', '2015-05-18 08:00:18'),
(822, 6, 3, 3, '0.0087', '2015-05-18', '2015-05-18 08:00:20', '2015-05-18 08:00:20'),
(823, 6, 3, 5, '0.9545', '2015-05-18', '2015-05-18 08:00:22', '2015-05-18 08:00:22'),
(824, 6, 3, 6, '1.0478', '2015-05-18', '2015-05-18 08:00:23', '2015-05-18 08:00:23'),
(825, 7, 1, 1, '120.1150', '2015-05-18', '2015-05-18 08:00:25', '2015-05-18 08:00:25'),
(826, 7, 2, 1, '120.8378', '2015-05-18', '2015-05-18 08:00:27', '2015-05-18 08:00:27'),
(827, 7, 3, 1, '120.4764', '2015-05-18', '2015-05-18 08:00:27', '2015-05-18 08:00:27'),
(828, 7, 1, 4, '114.5261', '2015-05-18', '2015-05-18 08:00:27', '2015-05-18 08:00:27'),
(829, 7, 2, 4, '115.2153', '2015-05-18', '2015-05-18 08:00:28', '2015-05-18 08:00:28'),
(830, 7, 3, 4, '114.8707', '2015-05-18', '2015-05-18 08:00:28', '2015-05-18 08:00:28'),
(831, 2, 1, 1, '118.1241', '2015-05-19', '2015-05-19 08:00:01', '2015-05-19 08:00:01'),
(832, 2, 2, 1, '122.9455', '2015-05-19', '2015-05-19 08:00:01', '2015-05-19 08:00:01'),
(833, 2, 3, 1, '120.5348', '2015-05-19', '2015-05-19 08:00:02', '2015-05-19 08:00:02'),
(834, 2, 1, 4, '110.3504', '2015-05-19', '2015-05-19 08:00:02', '2015-05-19 08:00:02'),
(835, 2, 2, 4, '119.5462', '2015-05-19', '2015-05-19 08:00:02', '2015-05-19 08:00:02'),
(836, 2, 3, 4, '114.9483', '2015-05-19', '2015-05-19 08:00:02', '2015-05-19 08:00:02'),
(837, 4, 1, 1, '118.1241', '2015-05-19', '2015-05-19 08:00:02', '2015-05-19 08:00:02'),
(838, 4, 2, 1, '124.1750', '2015-05-19', '2015-05-19 08:00:03', '2015-05-19 08:00:03'),
(839, 4, 3, 1, '120.5348', '2015-05-19', '2015-05-19 08:00:05', '2015-05-19 08:00:05'),
(840, 4, 1, 4, '109.2009', '2015-05-19', '2015-05-19 08:00:05', '2015-05-19 08:00:05'),
(841, 4, 2, 4, '121.9027', '2015-05-19', '2015-05-19 08:00:06', '2015-05-19 08:00:06'),
(842, 4, 3, 4, '114.9483', '2015-05-19', '2015-05-19 08:00:06', '2015-05-19 08:00:06'),
(843, 5, 1, 1, '117.5214', '2015-05-19', '2015-05-19 08:00:07', '2015-05-19 08:00:07'),
(844, 5, 2, 1, '122.9455', '2015-05-19', '2015-05-19 08:00:07', '2015-05-19 08:00:07'),
(845, 5, 3, 1, '120.5348', '2015-05-19', '2015-05-19 08:00:07', '2015-05-19 08:00:07'),
(846, 5, 1, 4, '109.2009', '2015-05-19', '2015-05-19 08:00:07', '2015-05-19 08:00:07'),
(847, 5, 2, 4, '120.6957', '2015-05-19', '2015-05-19 08:00:07', '2015-05-19 08:00:07'),
(848, 5, 3, 4, '114.9483', '2015-05-19', '2015-05-19 08:00:07', '2015-05-19 08:00:07'),
(849, 6, 3, 2, '0.0084', '2015-05-19', '2015-05-19 08:00:08', '2015-05-19 08:00:08'),
(850, 6, 3, 3, '0.0087', '2015-05-19', '2015-05-19 08:00:09', '2015-05-19 08:00:09'),
(851, 6, 3, 5, '0.9598', '2015-05-19', '2015-05-19 08:00:09', '2015-05-19 08:00:09'),
(852, 6, 3, 6, '1.0425', '2015-05-19', '2015-05-19 08:00:10', '2015-05-19 08:00:10'),
(853, 7, 1, 1, '120.1732', '2015-05-19', '2015-05-19 08:00:10', '2015-05-19 08:00:10'),
(854, 7, 2, 1, '120.8964', '2015-05-19', '2015-05-19 08:00:10', '2015-05-19 08:00:10'),
(855, 7, 3, 1, '120.5348', '2015-05-19', '2015-05-19 08:00:10', '2015-05-19 08:00:10'),
(856, 7, 1, 4, '114.6035', '2015-05-19', '2015-05-19 08:00:10', '2015-05-19 08:00:10'),
(857, 7, 2, 4, '115.2931', '2015-05-19', '2015-05-19 08:00:10', '2015-05-19 08:00:10'),
(858, 7, 3, 4, '114.9483', '2015-05-19', '2015-05-19 08:00:10', '2015-05-19 08:00:10'),
(859, 2, 1, 1, '118.2216', '2015-05-20', '2015-05-20 08:00:01', '2015-05-20 08:00:01'),
(860, 2, 2, 1, '123.0470', '2015-05-20', '2015-05-20 08:00:02', '2015-05-20 08:00:02'),
(861, 2, 3, 1, '120.6343', '2015-05-20', '2015-05-20 08:00:06', '2015-05-20 08:00:06'),
(862, 2, 1, 4, '110.9493', '2015-05-20', '2015-05-20 08:00:07', '2015-05-20 08:00:07'),
(863, 2, 2, 4, '120.1951', '2015-05-20', '2015-05-20 08:00:08', '2015-05-20 08:00:08'),
(864, 2, 3, 4, '115.5722', '2015-05-20', '2015-05-20 08:00:34', '2015-05-20 08:00:34'),
(865, 4, 1, 1, '118.2216', '2015-05-20', '2015-05-20 08:00:41', '2015-05-20 08:00:41'),
(866, 4, 2, 1, '124.2775', '2015-05-20', '2015-05-20 08:00:42', '2015-05-20 08:00:42'),
(867, 4, 3, 1, '120.6343', '2015-05-20', '2015-05-20 08:00:42', '2015-05-20 08:00:42'),
(868, 4, 1, 4, '109.7936', '2015-05-20', '2015-05-20 08:00:43', '2015-05-20 08:00:43'),
(869, 4, 2, 4, '122.5643', '2015-05-20', '2015-05-20 08:00:43', '2015-05-20 08:00:43'),
(870, 4, 3, 4, '115.5722', '2015-05-20', '2015-05-20 08:00:44', '2015-05-20 08:00:44'),
(871, 5, 1, 1, '117.6184', '2015-05-20', '2015-05-20 08:00:44', '2015-05-20 08:00:44'),
(872, 5, 2, 1, '123.0470', '2015-05-20', '2015-05-20 08:00:45', '2015-05-20 08:00:45'),
(873, 5, 3, 1, '120.6343', '2015-05-20', '2015-05-20 08:00:46', '2015-05-20 08:00:46'),
(874, 5, 1, 4, '109.7936', '2015-05-20', '2015-05-20 08:00:47', '2015-05-20 08:00:47'),
(875, 5, 2, 4, '121.3508', '2015-05-20', '2015-05-20 08:00:48', '2015-05-20 08:00:48'),
(876, 5, 3, 4, '115.5722', '2015-05-20', '2015-05-20 08:00:48', '2015-05-20 08:00:48'),
(877, 6, 3, 2, '0.0083', '2015-05-20', '2015-05-20 08:00:49', '2015-05-20 08:00:49'),
(878, 6, 3, 3, '0.0086', '2015-05-20', '2015-05-20 08:00:50', '2015-05-20 08:00:50'),
(879, 6, 3, 5, '0.9592', '2015-05-20', '2015-05-20 08:00:50', '2015-05-20 08:00:50'),
(880, 6, 3, 6, '1.0428', '2015-05-20', '2015-05-20 08:00:52', '2015-05-20 08:00:52'),
(881, 7, 1, 1, '120.2724', '2015-05-20', '2015-05-20 08:00:52', '2015-05-20 08:00:52'),
(882, 7, 2, 1, '120.9962', '2015-05-20', '2015-05-20 08:00:53', '2015-05-20 08:00:53'),
(883, 7, 3, 1, '120.6343', '2015-05-20', '2015-05-20 08:00:53', '2015-05-20 08:00:53'),
(884, 7, 1, 4, '115.2255', '2015-05-20', '2015-05-20 08:00:54', '2015-05-20 08:00:54'),
(885, 7, 2, 4, '115.9189', '2015-05-20', '2015-05-20 08:00:54', '2015-05-20 08:00:54'),
(886, 7, 3, 4, '115.5722', '2015-05-20', '2015-05-20 08:00:54', '2015-05-20 08:00:54'),
(887, 2, 1, 1, '118.1662', '2015-05-21', '2015-05-21 08:00:02', '2015-05-21 08:00:02'),
(888, 2, 2, 1, '122.9894', '2015-05-21', '2015-05-21 08:00:02', '2015-05-21 08:00:02'),
(889, 2, 3, 1, '120.5778', '2015-05-21', '2015-05-21 08:00:03', '2015-05-21 08:00:03'),
(890, 2, 1, 4, '111.2812', '2015-05-21', '2015-05-21 08:00:03', '2015-05-21 08:00:03'),
(891, 2, 2, 4, '120.5546', '2015-05-21', '2015-05-21 08:00:03', '2015-05-21 08:00:03'),
(892, 2, 3, 4, '115.9179', '2015-05-21', '2015-05-21 08:00:04', '2015-05-21 08:00:04'),
(893, 4, 1, 1, '118.1662', '2015-05-21', '2015-05-21 08:00:04', '2015-05-21 08:00:04'),
(894, 4, 2, 1, '124.2193', '2015-05-21', '2015-05-21 08:00:04', '2015-05-21 08:00:04'),
(895, 4, 3, 1, '120.5778', '2015-05-21', '2015-05-21 08:00:04', '2015-05-21 08:00:04'),
(896, 4, 1, 4, '110.1220', '2015-05-21', '2015-05-21 08:00:04', '2015-05-21 08:00:04'),
(897, 4, 2, 4, '122.9309', '2015-05-21', '2015-05-21 08:00:05', '2015-05-21 08:00:05'),
(898, 4, 3, 4, '115.9179', '2015-05-21', '2015-05-21 08:00:05', '2015-05-21 08:00:05'),
(899, 5, 1, 1, '117.5634', '2015-05-21', '2015-05-21 08:00:05', '2015-05-21 08:00:05'),
(900, 5, 2, 1, '122.9894', '2015-05-21', '2015-05-21 08:00:05', '2015-05-21 08:00:05'),
(901, 5, 3, 1, '120.5778', '2015-05-21', '2015-05-21 08:00:06', '2015-05-21 08:00:06'),
(902, 5, 1, 4, '110.1220', '2015-05-21', '2015-05-21 08:00:06', '2015-05-21 08:00:06'),
(903, 5, 2, 4, '121.7138', '2015-05-21', '2015-05-21 08:00:06', '2015-05-21 08:00:06'),
(904, 5, 3, 4, '115.9179', '2015-05-21', '2015-05-21 08:00:06', '2015-05-21 08:00:06'),
(905, 6, 3, 2, '0.0083', '2015-05-21', '2015-05-21 08:00:06', '2015-05-21 08:00:06'),
(906, 6, 3, 3, '0.0086', '2015-05-21', '2015-05-21 08:00:06', '2015-05-21 08:00:06'),
(907, 6, 3, 5, '0.9604', '2015-05-21', '2015-05-21 08:00:07', '2015-05-21 08:00:07'),
(908, 6, 3, 6, '1.0413', '2015-05-21', '2015-05-21 08:00:07', '2015-05-21 08:00:07'),
(909, 7, 1, 1, '120.2161', '2015-05-21', '2015-05-21 08:00:07', '2015-05-21 08:00:07'),
(910, 7, 2, 1, '120.9395', '2015-05-21', '2015-05-21 08:00:07', '2015-05-21 08:00:07'),
(911, 7, 3, 1, '120.5778', '2015-05-21', '2015-05-21 08:00:07', '2015-05-21 08:00:07'),
(912, 7, 1, 4, '115.5701', '2015-05-21', '2015-05-21 08:00:08', '2015-05-21 08:00:08'),
(913, 7, 2, 4, '116.2657', '2015-05-21', '2015-05-21 08:00:08', '2015-05-21 08:00:08'),
(914, 7, 3, 4, '115.9179', '2015-05-21', '2015-05-21 08:00:08', '2015-05-21 08:00:08'),
(915, 2, 1, 1, '118.0053', '2015-05-22', '2015-05-22 08:00:02', '2015-05-22 08:00:02'),
(916, 2, 2, 1, '122.8219', '2015-05-22', '2015-05-22 08:00:02', '2015-05-22 08:00:02'),
(917, 2, 3, 1, '120.4136', '2015-05-22', '2015-05-22 08:00:03', '2015-05-22 08:00:03'),
(918, 2, 1, 4, '110.8951', '2015-05-22', '2015-05-22 08:00:04', '2015-05-22 08:00:04'),
(919, 2, 2, 4, '120.1363', '2015-05-22', '2015-05-22 08:00:05', '2015-05-22 08:00:05'),
(920, 2, 3, 4, '115.5157', '2015-05-22', '2015-05-22 08:00:07', '2015-05-22 08:00:07'),
(921, 4, 1, 1, '118.0053', '2015-05-22', '2015-05-22 08:00:09', '2015-05-22 08:00:09'),
(922, 4, 2, 1, '124.0501', '2015-05-22', '2015-05-22 08:00:11', '2015-05-22 08:00:11'),
(923, 4, 3, 1, '120.4136', '2015-05-22', '2015-05-22 08:00:11', '2015-05-22 08:00:11'),
(924, 4, 1, 4, '109.7399', '2015-05-22', '2015-05-22 08:00:12', '2015-05-22 08:00:12'),
(925, 4, 2, 4, '122.5044', '2015-05-22', '2015-05-22 08:00:12', '2015-05-22 08:00:12'),
(926, 4, 3, 4, '115.5157', '2015-05-22', '2015-05-22 08:00:12', '2015-05-22 08:00:12'),
(927, 5, 1, 1, '117.4033', '2015-05-22', '2015-05-22 08:00:12', '2015-05-22 08:00:12'),
(928, 5, 2, 1, '122.8219', '2015-05-22', '2015-05-22 08:00:13', '2015-05-22 08:00:13'),
(929, 5, 3, 1, '120.4136', '2015-05-22', '2015-05-22 08:00:13', '2015-05-22 08:00:13'),
(930, 5, 1, 4, '109.7399', '2015-05-22', '2015-05-22 08:00:14', '2015-05-22 08:00:14'),
(931, 5, 2, 4, '121.2915', '2015-05-22', '2015-05-22 08:00:14', '2015-05-22 08:00:14'),
(932, 5, 3, 4, '115.5157', '2015-05-22', '2015-05-22 08:00:14', '2015-05-22 08:00:14'),
(933, 6, 3, 2, '0.0083', '2015-05-22', '2015-05-22 08:00:16', '2015-05-22 08:00:16'),
(934, 6, 3, 3, '0.0087', '2015-05-22', '2015-05-22 08:00:17', '2015-05-22 08:00:17'),
(935, 6, 3, 5, '0.9594', '2015-05-22', '2015-05-22 08:00:17', '2015-05-22 08:00:17'),
(936, 6, 3, 6, '1.0423', '2015-05-22', '2015-05-22 08:00:18', '2015-05-22 08:00:18'),
(937, 7, 1, 1, '120.0524', '2015-05-22', '2015-05-22 08:00:18', '2015-05-22 08:00:18'),
(938, 7, 2, 1, '120.7748', '2015-05-22', '2015-05-22 08:00:18', '2015-05-22 08:00:18'),
(939, 7, 3, 1, '120.4136', '2015-05-22', '2015-05-22 08:00:18', '2015-05-22 08:00:18'),
(940, 7, 1, 4, '115.1692', '2015-05-22', '2015-05-22 08:00:19', '2015-05-22 08:00:19'),
(941, 7, 2, 4, '115.8622', '2015-05-22', '2015-05-22 08:00:19', '2015-05-22 08:00:19'),
(942, 7, 3, 4, '115.5157', '2015-05-22', '2015-05-22 08:00:20', '2015-05-22 08:00:20'),
(943, 2, 1, 1, '118.0053', '2015-05-23', '2015-05-23 08:00:01', '2015-05-23 08:00:01'),
(944, 2, 2, 1, '122.8219', '2015-05-23', '2015-05-23 08:00:01', '2015-05-23 08:00:01'),
(945, 2, 3, 1, '120.4136', '2015-05-23', '2015-05-23 08:00:01', '2015-05-23 08:00:01'),
(946, 2, 1, 4, '110.8951', '2015-05-23', '2015-05-23 08:00:02', '2015-05-23 08:00:02'),
(947, 2, 2, 4, '120.1363', '2015-05-23', '2015-05-23 08:00:02', '2015-05-23 08:00:02'),
(948, 2, 3, 4, '115.5157', '2015-05-23', '2015-05-23 08:00:02', '2015-05-23 08:00:02'),
(949, 4, 1, 1, '118.0053', '2015-05-23', '2015-05-23 08:00:02', '2015-05-23 08:00:02'),
(950, 4, 2, 1, '124.0501', '2015-05-23', '2015-05-23 08:00:02', '2015-05-23 08:00:02'),
(951, 4, 3, 1, '120.4136', '2015-05-23', '2015-05-23 08:00:03', '2015-05-23 08:00:03'),
(952, 4, 1, 4, '109.7399', '2015-05-23', '2015-05-23 08:00:03', '2015-05-23 08:00:03'),
(953, 4, 2, 4, '122.5044', '2015-05-23', '2015-05-23 08:00:04', '2015-05-23 08:00:04'),
(954, 4, 3, 4, '115.5157', '2015-05-23', '2015-05-23 08:00:04', '2015-05-23 08:00:04'),
(955, 5, 1, 1, '117.4033', '2015-05-23', '2015-05-23 08:00:04', '2015-05-23 08:00:04'),
(956, 5, 2, 1, '122.8219', '2015-05-23', '2015-05-23 08:00:05', '2015-05-23 08:00:05'),
(957, 5, 3, 1, '120.4136', '2015-05-23', '2015-05-23 08:00:05', '2015-05-23 08:00:05'),
(958, 5, 1, 4, '109.7399', '2015-05-23', '2015-05-23 08:00:05', '2015-05-23 08:00:05'),
(959, 5, 2, 4, '121.2915', '2015-05-23', '2015-05-23 08:00:05', '2015-05-23 08:00:05'),
(960, 5, 3, 4, '115.5157', '2015-05-23', '2015-05-23 08:00:05', '2015-05-23 08:00:05'),
(961, 6, 3, 2, '0.0083', '2015-05-23', '2015-05-23 08:00:06', '2015-05-23 08:00:06'),
(962, 6, 3, 3, '0.0086', '2015-05-23', '2015-05-23 08:00:06', '2015-05-23 08:00:06'),
(963, 6, 3, 5, '0.9621', '2015-05-23', '2015-05-23 08:00:06', '2015-05-23 08:00:06'),
(964, 6, 3, 6, '1.0394', '2015-05-23', '2015-05-23 08:00:06', '2015-05-23 08:00:06'),
(965, 7, 1, 1, '120.0524', '2015-05-23', '2015-05-23 08:00:07', '2015-05-23 08:00:07'),
(966, 7, 2, 1, '120.7748', '2015-05-23', '2015-05-23 08:00:07', '2015-05-23 08:00:07'),
(967, 7, 3, 1, '120.4136', '2015-05-23', '2015-05-23 08:00:07', '2015-05-23 08:00:07'),
(968, 7, 1, 4, '115.1692', '2015-05-23', '2015-05-23 08:00:07', '2015-05-23 08:00:07'),
(969, 7, 2, 4, '115.8622', '2015-05-23', '2015-05-23 08:00:07', '2015-05-23 08:00:07'),
(970, 7, 3, 4, '115.5157', '2015-05-23', '2015-05-23 08:00:07', '2015-05-23 08:00:07'),
(971, 2, 1, 1, '118.0053', '2015-05-24', '2015-05-24 08:00:01', '2015-05-24 08:00:01'),
(972, 2, 2, 1, '122.8219', '2015-05-24', '2015-05-24 08:00:01', '2015-05-24 08:00:01'),
(973, 2, 3, 1, '120.4136', '2015-05-24', '2015-05-24 08:00:01', '2015-05-24 08:00:01'),
(974, 2, 1, 4, '110.8951', '2015-05-24', '2015-05-24 08:00:02', '2015-05-24 08:00:02'),
(975, 2, 2, 4, '120.1363', '2015-05-24', '2015-05-24 08:00:02', '2015-05-24 08:00:02'),
(976, 2, 3, 4, '115.5157', '2015-05-24', '2015-05-24 08:00:02', '2015-05-24 08:00:02'),
(977, 4, 1, 1, '118.0053', '2015-05-24', '2015-05-24 08:00:03', '2015-05-24 08:00:03'),
(978, 4, 2, 1, '124.0501', '2015-05-24', '2015-05-24 08:00:03', '2015-05-24 08:00:03'),
(979, 4, 3, 1, '120.4136', '2015-05-24', '2015-05-24 08:00:03', '2015-05-24 08:00:03'),
(980, 4, 1, 4, '109.7399', '2015-05-24', '2015-05-24 08:00:03', '2015-05-24 08:00:03'),
(981, 4, 2, 4, '122.5044', '2015-05-24', '2015-05-24 08:00:03', '2015-05-24 08:00:03'),
(982, 4, 3, 4, '115.5157', '2015-05-24', '2015-05-24 08:00:03', '2015-05-24 08:00:03'),
(983, 5, 1, 1, '117.4033', '2015-05-24', '2015-05-24 08:00:03', '2015-05-24 08:00:03'),
(984, 5, 2, 1, '122.8219', '2015-05-24', '2015-05-24 08:00:03', '2015-05-24 08:00:03'),
(985, 5, 3, 1, '120.4136', '2015-05-24', '2015-05-24 08:00:04', '2015-05-24 08:00:04'),
(986, 5, 1, 4, '109.7399', '2015-05-24', '2015-05-24 08:00:04', '2015-05-24 08:00:04'),
(987, 5, 2, 4, '121.2915', '2015-05-24', '2015-05-24 08:00:04', '2015-05-24 08:00:04'),
(988, 5, 3, 4, '115.5157', '2015-05-24', '2015-05-24 08:00:04', '2015-05-24 08:00:04'),
(989, 6, 3, 2, '0.0083', '2015-05-24', '2015-05-24 08:00:05', '2015-05-24 08:00:05'),
(990, 6, 3, 3, '0.0086', '2015-05-24', '2015-05-24 08:00:05', '2015-05-24 08:00:05'),
(991, 6, 3, 5, '0.9621', '2015-05-24', '2015-05-24 08:00:06', '2015-05-24 08:00:06'),
(992, 6, 3, 6, '1.0394', '2015-05-24', '2015-05-24 08:00:06', '2015-05-24 08:00:06'),
(993, 7, 1, 1, '120.0524', '2015-05-24', '2015-05-24 08:00:07', '2015-05-24 08:00:07'),
(994, 7, 2, 1, '120.7748', '2015-05-24', '2015-05-24 08:00:07', '2015-05-24 08:00:07'),
(995, 7, 3, 1, '120.4136', '2015-05-24', '2015-05-24 08:00:07', '2015-05-24 08:00:07'),
(996, 7, 1, 4, '115.1692', '2015-05-24', '2015-05-24 08:00:10', '2015-05-24 08:00:10'),
(997, 7, 2, 4, '115.8622', '2015-05-24', '2015-05-24 08:00:10', '2015-05-24 08:00:10'),
(998, 7, 3, 4, '115.5157', '2015-05-24', '2015-05-24 08:00:10', '2015-05-24 08:00:10'),
(999, 2, 1, 1, '118.1459', '2015-05-25', '2015-05-25 08:00:01', '2015-05-25 08:00:01'),
(1000, 2, 2, 1, '122.9681', '2015-05-25', '2015-05-25 08:00:09', '2015-05-25 08:00:09'),
(1001, 2, 3, 1, '120.5570', '2015-05-25', '2015-05-25 08:00:14', '2015-05-25 08:00:14'),
(1002, 2, 1, 4, '111.7454', '2015-05-25', '2015-05-25 08:00:17', '2015-05-25 08:00:17'),
(1003, 2, 2, 4, '121.0576', '2015-05-25', '2015-05-25 08:00:18', '2015-05-25 08:00:18'),
(1004, 2, 3, 4, '116.4015', '2015-05-25', '2015-05-25 08:00:18', '2015-05-25 08:00:18'),
(1005, 4, 1, 1, '118.1459', '2015-05-25', '2015-05-25 08:00:19', '2015-05-25 08:00:19'),
(1006, 4, 2, 1, '124.1978', '2015-05-25', '2015-05-25 08:00:20', '2015-05-25 08:00:20'),
(1007, 4, 3, 1, '120.5570', '2015-05-25', '2015-05-25 08:00:20', '2015-05-25 08:00:20'),
(1008, 4, 1, 4, '110.5814', '2015-05-25', '2015-05-25 08:00:21', '2015-05-25 08:00:21'),
(1009, 4, 2, 4, '123.4438', '2015-05-25', '2015-05-25 08:00:22', '2015-05-25 08:00:22'),
(1010, 4, 3, 4, '116.4015', '2015-05-25', '2015-05-25 08:00:22', '2015-05-25 08:00:22'),
(1011, 5, 1, 1, '117.5431', '2015-05-25', '2015-05-25 08:00:22', '2015-05-25 08:00:22'),
(1012, 5, 2, 1, '122.9681', '2015-05-25', '2015-05-25 08:00:23', '2015-05-25 08:00:23'),
(1013, 5, 3, 1, '120.5570', '2015-05-25', '2015-05-25 08:00:24', '2015-05-25 08:00:24'),
(1014, 5, 1, 4, '110.5814', '2015-05-25', '2015-05-25 08:00:25', '2015-05-25 08:00:25'),
(1015, 5, 2, 4, '122.2216', '2015-05-25', '2015-05-25 08:00:25', '2015-05-25 08:00:25'),
(1016, 5, 3, 4, '116.4015', '2015-05-25', '2015-05-25 08:00:25', '2015-05-25 08:00:25'),
(1017, 6, 3, 2, '0.0083', '2015-05-25', '2015-05-25 08:00:28', '2015-05-25 08:00:28'),
(1018, 6, 3, 3, '0.0086', '2015-05-25', '2015-05-25 08:00:28', '2015-05-25 08:00:28'),
(1019, 6, 3, 5, '0.9660', '2015-05-25', '2015-05-25 08:00:29', '2015-05-25 08:00:29'),
(1020, 6, 3, 6, '1.0353', '2015-05-25', '2015-05-25 08:00:29', '2015-05-25 08:00:29'),
(1021, 7, 1, 1, '120.1953', '2015-05-25', '2015-05-25 08:00:30', '2015-05-25 08:00:30'),
(1022, 7, 2, 1, '120.9187', '2015-05-25', '2015-05-25 08:00:30', '2015-05-25 08:00:30'),
(1023, 7, 3, 1, '120.5570', '2015-05-25', '2015-05-25 08:00:30', '2015-05-25 08:00:30'),
(1024, 7, 1, 4, '116.0523', '2015-05-25', '2015-05-25 08:00:31', '2015-05-25 08:00:31'),
(1025, 7, 2, 4, '116.7507', '2015-05-25', '2015-05-25 08:00:31', '2015-05-25 08:00:31'),
(1026, 7, 3, 4, '116.4015', '2015-05-25', '2015-05-25 08:00:31', '2015-05-25 08:00:31'),
(1027, 2, 1, 1, '118.4519', '2015-05-26', '2015-05-26 08:00:01', '2015-05-26 08:00:01'),
(1028, 2, 2, 1, '123.2867', '2015-05-26', '2015-05-26 08:00:02', '2015-05-26 08:00:02'),
(1029, 2, 3, 1, '120.8693', '2015-05-26', '2015-05-26 08:00:02', '2015-05-26 08:00:02'),
(1030, 2, 1, 4, '111.9808', '2015-05-26', '2015-05-26 08:00:02', '2015-05-26 08:00:02'),
(1031, 2, 2, 4, '121.3126', '2015-05-26', '2015-05-26 08:00:03', '2015-05-26 08:00:03'),
(1032, 2, 3, 4, '116.6467', '2015-05-26', '2015-05-26 08:00:03', '2015-05-26 08:00:03'),
(1033, 4, 1, 1, '118.4519', '2015-05-26', '2015-05-26 08:00:03', '2015-05-26 08:00:03'),
(1034, 4, 2, 1, '124.5196', '2015-05-26', '2015-05-26 08:00:03', '2015-05-26 08:00:03'),
(1035, 4, 3, 1, '120.8693', '2015-05-26', '2015-05-26 08:00:03', '2015-05-26 08:00:03'),
(1036, 4, 1, 4, '110.8144', '2015-05-26', '2015-05-26 08:00:04', '2015-05-26 08:00:04'),
(1037, 4, 2, 4, '123.7038', '2015-05-26', '2015-05-26 08:00:04', '2015-05-26 08:00:04'),
(1038, 4, 3, 4, '116.6467', '2015-05-26', '2015-05-26 08:00:04', '2015-05-26 08:00:04'),
(1039, 5, 1, 1, '117.8476', '2015-05-26', '2015-05-26 08:00:04', '2015-05-26 08:00:04'),
(1040, 5, 2, 1, '123.2867', '2015-05-26', '2015-05-26 08:00:04', '2015-05-26 08:00:04'),
(1041, 5, 3, 1, '120.8693', '2015-05-26', '2015-05-26 08:00:04', '2015-05-26 08:00:04'),
(1042, 5, 1, 4, '110.8144', '2015-05-26', '2015-05-26 08:00:04', '2015-05-26 08:00:04'),
(1043, 5, 2, 4, '122.4790', '2015-05-26', '2015-05-26 08:00:05', '2015-05-26 08:00:05'),
(1044, 5, 3, 4, '116.6467', '2015-05-26', '2015-05-26 08:00:05', '2015-05-26 08:00:05'),
(1045, 6, 3, 2, '0.0082', '2015-05-26', '2015-05-26 08:00:05', '2015-05-26 08:00:05'),
(1046, 6, 3, 3, '0.0085', '2015-05-26', '2015-05-26 08:00:05', '2015-05-26 08:00:05'),
(1047, 6, 3, 5, '0.9658', '2015-05-26', '2015-05-26 08:00:05', '2015-05-26 08:00:05'),
(1048, 6, 3, 6, '1.0347', '2015-05-26', '2015-05-26 08:00:06', '2015-05-26 08:00:06'),
(1049, 7, 1, 1, '120.5067', '2015-05-26', '2015-05-26 08:00:06', '2015-05-26 08:00:06'),
(1050, 7, 2, 1, '121.2319', '2015-05-26', '2015-05-26 08:00:06', '2015-05-26 08:00:06'),
(1051, 7, 3, 1, '120.8693', '2015-05-26', '2015-05-26 08:00:06', '2015-05-26 08:00:06'),
(1052, 7, 1, 4, '116.2968', '2015-05-26', '2015-05-26 08:00:07', '2015-05-26 08:00:07'),
(1053, 7, 2, 4, '116.9966', '2015-05-26', '2015-05-26 08:00:07', '2015-05-26 08:00:07'),
(1054, 7, 3, 4, '116.6467', '2015-05-26', '2015-05-26 08:00:07', '2015-05-26 08:00:07'),
(1055, 2, 1, 1, '118.4256', '2015-05-27', '2015-05-27 08:00:02', '2015-05-27 08:00:02'),
(1056, 2, 2, 1, '123.2592', '2015-05-27', '2015-05-27 08:00:03', '2015-05-27 08:00:03'),
(1057, 2, 3, 1, '120.8424', '2015-05-27', '2015-05-27 08:00:07', '2015-05-27 08:00:07'),
(1058, 2, 1, 4, '111.9127', '2015-05-27', '2015-05-27 08:00:12', '2015-05-27 08:00:12'),
(1059, 2, 2, 4, '121.2387', '2015-05-27', '2015-05-27 08:00:16', '2015-05-27 08:00:16'),
(1060, 2, 3, 4, '116.5757', '2015-05-27', '2015-05-27 08:00:19', '2015-05-27 08:00:19'),
(1061, 4, 1, 1, '118.4256', '2015-05-27', '2015-05-27 08:00:20', '2015-05-27 08:00:20'),
(1062, 4, 2, 1, '124.4918', '2015-05-27', '2015-05-27 08:00:20', '2015-05-27 08:00:20'),
(1063, 4, 3, 1, '120.8424', '2015-05-27', '2015-05-27 08:00:20', '2015-05-27 08:00:20'),
(1064, 4, 1, 4, '110.7469', '2015-05-27', '2015-05-27 08:00:21', '2015-05-27 08:00:21'),
(1065, 4, 2, 4, '123.6285', '2015-05-27', '2015-05-27 08:00:21', '2015-05-27 08:00:21'),
(1066, 4, 3, 4, '116.5757', '2015-05-27', '2015-05-27 08:00:22', '2015-05-27 08:00:22'),
(1067, 5, 1, 1, '117.8213', '2015-05-27', '2015-05-27 08:00:22', '2015-05-27 08:00:22'),
(1068, 5, 2, 1, '123.2592', '2015-05-27', '2015-05-27 08:00:24', '2015-05-27 08:00:24'),
(1069, 5, 3, 1, '120.8424', '2015-05-27', '2015-05-27 08:00:24', '2015-05-27 08:00:24'),
(1070, 5, 1, 4, '110.7469', '2015-05-27', '2015-05-27 08:00:24', '2015-05-27 08:00:24'),
(1071, 5, 2, 4, '122.4045', '2015-05-27', '2015-05-27 08:00:25', '2015-05-27 08:00:25'),
(1072, 5, 3, 4, '116.5757', '2015-05-27', '2015-05-27 08:00:25', '2015-05-27 08:00:25'),
(1073, 6, 3, 2, '0.0083', '2015-05-27', '2015-05-27 08:00:26', '2015-05-27 08:00:26'),
(1074, 6, 3, 3, '0.0086', '2015-05-27', '2015-05-27 08:00:26', '2015-05-27 08:00:26'),
(1075, 6, 3, 5, '0.9662', '2015-05-27', '2015-05-27 08:00:26', '2015-05-27 08:00:26'),
(1076, 6, 3, 6, '1.0347', '2015-05-27', '2015-05-27 08:00:27', '2015-05-27 08:00:27'),
(1077, 7, 1, 1, '120.4799', '2015-05-27', '2015-05-27 08:00:28', '2015-05-27 08:00:28'),
(1078, 7, 2, 1, '121.2049', '2015-05-27', '2015-05-27 08:00:28', '2015-05-27 08:00:28'),
(1079, 7, 3, 1, '120.8424', '2015-05-27', '2015-05-27 08:00:28', '2015-05-27 08:00:28'),
(1080, 7, 1, 4, '116.2260', '2015-05-27', '2015-05-27 08:00:29', '2015-05-27 08:00:29'),
(1081, 7, 2, 4, '116.9254', '2015-05-27', '2015-05-27 08:00:29', '2015-05-27 08:00:29'),
(1082, 7, 3, 4, '116.5757', '2015-05-27', '2015-05-27 08:00:30', '2015-05-27 08:00:30'),
(1083, 2, 1, 1, '118.4607', '2015-05-28', '2015-05-28 08:00:01', '2015-05-28 08:00:01'),
(1084, 2, 2, 1, '123.2959', '2015-05-28', '2015-05-28 08:00:02', '2015-05-28 08:00:02'),
(1085, 2, 3, 1, '120.8783', '2015-05-28', '2015-05-28 08:00:02', '2015-05-28 08:00:02'),
(1086, 2, 1, 4, '112.0974', '2015-05-28', '2015-05-28 08:00:02', '2015-05-28 08:00:02'),
(1087, 2, 2, 4, '121.4388', '2015-05-28', '2015-05-28 08:00:02', '2015-05-28 08:00:02'),
(1088, 2, 3, 4, '116.7681', '2015-05-28', '2015-05-28 08:00:02', '2015-05-28 08:00:02'),
(1089, 4, 1, 1, '118.4607', '2015-05-28', '2015-05-28 08:00:03', '2015-05-28 08:00:03'),
(1090, 4, 2, 1, '124.5289', '2015-05-28', '2015-05-28 08:00:03', '2015-05-28 08:00:03'),
(1091, 4, 3, 1, '120.8783', '2015-05-28', '2015-05-28 08:00:03', '2015-05-28 08:00:03'),
(1092, 4, 1, 4, '110.9297', '2015-05-28', '2015-05-28 08:00:03', '2015-05-28 08:00:03'),
(1093, 4, 2, 4, '123.8326', '2015-05-28', '2015-05-28 08:00:03', '2015-05-28 08:00:03'),
(1094, 4, 3, 4, '116.7681', '2015-05-28', '2015-05-28 08:00:04', '2015-05-28 08:00:04'),
(1095, 5, 1, 1, '117.8563', '2015-05-28', '2015-05-28 08:00:04', '2015-05-28 08:00:04'),
(1096, 5, 2, 1, '123.2959', '2015-05-28', '2015-05-28 08:00:04', '2015-05-28 08:00:04'),
(1097, 5, 3, 1, '120.8783', '2015-05-28', '2015-05-28 08:00:04', '2015-05-28 08:00:04'),
(1098, 5, 1, 4, '110.9297', '2015-05-28', '2015-05-28 08:00:04', '2015-05-28 08:00:04'),
(1099, 5, 2, 4, '122.6065', '2015-05-28', '2015-05-28 08:00:04', '2015-05-28 08:00:04'),
(1100, 5, 3, 4, '116.7681', '2015-05-28', '2015-05-28 08:00:05', '2015-05-28 08:00:05'),
(1101, 6, 3, 2, '0.0083', '2015-05-28', '2015-05-28 08:00:05', '2015-05-28 08:00:05'),
(1102, 6, 3, 3, '0.0086', '2015-05-28', '2015-05-28 08:00:05', '2015-05-28 08:00:05'),
(1103, 6, 3, 5, '0.9667', '2015-05-28', '2015-05-28 08:00:06', '2015-05-28 08:00:06'),
(1104, 6, 3, 6, '1.0342', '2015-05-28', '2015-05-28 08:00:06', '2015-05-28 08:00:06'),
(1105, 7, 1, 1, '120.5157', '2015-05-28', '2015-05-28 08:00:06', '2015-05-28 08:00:06'),
(1106, 7, 2, 1, '121.2409', '2015-05-28', '2015-05-28 08:00:06', '2015-05-28 08:00:06'),
(1107, 7, 3, 1, '120.8783', '2015-05-28', '2015-05-28 08:00:06', '2015-05-28 08:00:06'),
(1108, 7, 1, 4, '116.4178', '2015-05-28', '2015-05-28 08:00:07', '2015-05-28 08:00:07'),
(1109, 7, 2, 4, '117.1184', '2015-05-28', '2015-05-28 08:00:07', '2015-05-28 08:00:07'),
(1110, 7, 3, 4, '116.7681', '2015-05-28', '2015-05-28 08:00:08', '2015-05-28 08:00:08'),
(1111, 2, 1, 1, '118.1523', '2015-05-29', '2015-05-29 08:00:02', '2015-05-29 08:00:02'),
(1112, 2, 2, 1, '122.9749', '2015-05-29', '2015-05-29 08:00:02', '2015-05-29 08:00:02'),
(1113, 2, 3, 1, '120.5636', '2015-05-29', '2015-05-29 08:00:02', '2015-05-29 08:00:02'),
(1114, 2, 1, 4, '112.1196', '2015-05-29', '2015-05-29 08:00:03', '2015-05-29 08:00:03'),
(1115, 2, 2, 4, '121.4628', '2015-05-29', '2015-05-29 08:00:04', '2015-05-29 08:00:04'),
(1116, 2, 3, 4, '116.7912', '2015-05-29', '2015-05-29 08:00:05', '2015-05-29 08:00:05'),
(1117, 4, 1, 1, '118.1523', '2015-05-29', '2015-05-29 08:00:12', '2015-05-29 08:00:12'),
(1118, 4, 2, 1, '124.2046', '2015-05-29', '2015-05-29 08:00:14', '2015-05-29 08:00:14'),
(1119, 4, 3, 1, '120.5636', '2015-05-29', '2015-05-29 08:00:21', '2015-05-29 08:00:21'),
(1120, 4, 1, 4, '110.9516', '2015-05-29', '2015-05-29 08:00:24', '2015-05-29 08:00:24'),
(1121, 4, 2, 4, '123.8571', '2015-05-29', '2015-05-29 08:00:25', '2015-05-29 08:00:25'),
(1122, 4, 3, 4, '116.7912', '2015-05-29', '2015-05-29 08:00:26', '2015-05-29 08:00:26'),
(1123, 5, 1, 1, '117.5495', '2015-05-29', '2015-05-29 08:00:28', '2015-05-29 08:00:28'),
(1124, 5, 2, 1, '122.9749', '2015-05-29', '2015-05-29 08:00:31', '2015-05-29 08:00:31'),
(1125, 5, 3, 1, '120.5636', '2015-05-29', '2015-05-29 08:00:33', '2015-05-29 08:00:33'),
(1126, 5, 1, 4, '110.9516', '2015-05-29', '2015-05-29 08:00:35', '2015-05-29 08:00:35'),
(1127, 5, 2, 4, '122.6308', '2015-05-29', '2015-05-29 08:00:36', '2015-05-29 08:00:36'),
(1128, 5, 3, 4, '116.7912', '2015-05-29', '2015-05-29 08:00:36', '2015-05-29 08:00:36'),
(1129, 6, 3, 2, '0.0083', '2015-05-29', '2015-05-29 08:00:38', '2015-05-29 08:00:38'),
(1130, 6, 3, 3, '0.0086', '2015-05-29', '2015-05-29 08:00:39', '2015-05-29 08:00:39'),
(1131, 6, 3, 5, '0.9660', '2015-05-29', '2015-05-29 08:00:39', '2015-05-29 08:00:39'),
(1132, 6, 3, 6, '1.0353', '2015-05-29', '2015-05-29 08:00:40', '2015-05-29 08:00:40'),
(1133, 7, 1, 1, '120.2019', '2015-05-29', '2015-05-29 08:00:40', '2015-05-29 08:00:40'),
(1134, 7, 2, 1, '120.9253', '2015-05-29', '2015-05-29 08:00:41', '2015-05-29 08:00:41'),
(1135, 7, 3, 1, '120.5636', '2015-05-29', '2015-05-29 08:00:41', '2015-05-29 08:00:41'),
(1136, 7, 1, 4, '116.4408', '2015-05-29', '2015-05-29 08:00:42', '2015-05-29 08:00:42'),
(1137, 7, 2, 4, '117.1416', '2015-05-29', '2015-05-29 08:00:42', '2015-05-29 08:00:42'),
(1138, 7, 3, 4, '116.7912', '2015-05-29', '2015-05-29 08:00:42', '2015-05-29 08:00:42'),
(1139, 2, 1, 1, '118.1523', '2015-05-30', '2015-05-30 08:00:02', '2015-05-30 08:00:02'),
(1140, 2, 2, 1, '122.9749', '2015-05-30', '2015-05-30 08:00:02', '2015-05-30 08:00:02'),
(1141, 2, 3, 1, '120.5636', '2015-05-30', '2015-05-30 08:00:02', '2015-05-30 08:00:02'),
(1142, 2, 1, 4, '112.1196', '2015-05-30', '2015-05-30 08:00:02', '2015-05-30 08:00:02'),
(1143, 2, 2, 4, '121.4628', '2015-05-30', '2015-05-30 08:00:03', '2015-05-30 08:00:03'),
(1144, 2, 3, 4, '116.7912', '2015-05-30', '2015-05-30 08:00:03', '2015-05-30 08:00:03'),
(1145, 4, 1, 1, '118.1523', '2015-05-30', '2015-05-30 08:00:03', '2015-05-30 08:00:03'),
(1146, 4, 2, 1, '124.2046', '2015-05-30', '2015-05-30 08:00:03', '2015-05-30 08:00:03'),
(1147, 4, 3, 1, '120.5636', '2015-05-30', '2015-05-30 08:00:04', '2015-05-30 08:00:04'),
(1148, 4, 1, 4, '110.9516', '2015-05-30', '2015-05-30 08:00:04', '2015-05-30 08:00:04'),
(1149, 4, 2, 4, '123.8571', '2015-05-30', '2015-05-30 08:00:04', '2015-05-30 08:00:04'),
(1150, 4, 3, 4, '116.7912', '2015-05-30', '2015-05-30 08:00:05', '2015-05-30 08:00:05'),
(1151, 5, 1, 1, '117.5495', '2015-05-30', '2015-05-30 08:00:05', '2015-05-30 08:00:05'),
(1152, 5, 2, 1, '122.9749', '2015-05-30', '2015-05-30 08:00:05', '2015-05-30 08:00:05'),
(1153, 5, 3, 1, '120.5636', '2015-05-30', '2015-05-30 08:00:05', '2015-05-30 08:00:05'),
(1154, 5, 1, 4, '110.9516', '2015-05-30', '2015-05-30 08:00:05', '2015-05-30 08:00:05'),
(1155, 5, 2, 4, '122.6308', '2015-05-30', '2015-05-30 08:00:06', '2015-05-30 08:00:06'),
(1156, 5, 3, 4, '116.7912', '2015-05-30', '2015-05-30 08:00:06', '2015-05-30 08:00:06'),
(1157, 6, 3, 2, '0.0084', '2015-05-30', '2015-05-30 08:00:06', '2015-05-30 08:00:06'),
(1158, 6, 3, 3, '0.0086', '2015-05-30', '2015-05-30 08:00:06', '2015-05-30 08:00:06'),
(1159, 6, 3, 5, '0.9752', '2015-05-30', '2015-05-30 08:00:07', '2015-05-30 08:00:07'),
(1160, 6, 3, 6, '1.0256', '2015-05-30', '2015-05-30 08:00:07', '2015-05-30 08:00:07'),
(1161, 7, 1, 1, '120.2019', '2015-05-30', '2015-05-30 08:00:07', '2015-05-30 08:00:07'),
(1162, 7, 2, 1, '120.9253', '2015-05-30', '2015-05-30 08:00:07', '2015-05-30 08:00:07'),
(1163, 7, 3, 1, '120.5636', '2015-05-30', '2015-05-30 08:00:07', '2015-05-30 08:00:07');
INSERT INTO `rates` (`id`, `provider_id`, `type_id`, `pair_id`, `rate`, `date`, `created_at`, `updated_at`) VALUES
(1164, 7, 1, 4, '116.4408', '2015-05-30', '2015-05-30 08:00:08', '2015-05-30 08:00:08'),
(1165, 7, 2, 4, '117.1416', '2015-05-30', '2015-05-30 08:00:08', '2015-05-30 08:00:08'),
(1166, 7, 3, 4, '116.7912', '2015-05-30', '2015-05-30 08:00:08', '2015-05-30 08:00:08'),
(1167, 2, 1, 1, '118.1523', '2015-05-31', '2015-05-31 08:00:01', '2015-05-31 08:00:01'),
(1168, 2, 2, 1, '122.9749', '2015-05-31', '2015-05-31 08:00:02', '2015-05-31 08:00:02'),
(1169, 2, 3, 1, '120.5636', '2015-05-31', '2015-05-31 08:00:02', '2015-05-31 08:00:02'),
(1170, 2, 1, 4, '112.1196', '2015-05-31', '2015-05-31 08:00:02', '2015-05-31 08:00:02'),
(1171, 2, 2, 4, '121.4628', '2015-05-31', '2015-05-31 08:00:02', '2015-05-31 08:00:02'),
(1172, 2, 3, 4, '116.7912', '2015-05-31', '2015-05-31 08:00:03', '2015-05-31 08:00:03'),
(1173, 4, 1, 1, '118.1523', '2015-05-31', '2015-05-31 08:00:03', '2015-05-31 08:00:03'),
(1174, 4, 2, 1, '124.2046', '2015-05-31', '2015-05-31 08:00:03', '2015-05-31 08:00:03'),
(1175, 4, 3, 1, '120.5636', '2015-05-31', '2015-05-31 08:00:03', '2015-05-31 08:00:03'),
(1176, 4, 1, 4, '110.9516', '2015-05-31', '2015-05-31 08:00:03', '2015-05-31 08:00:03'),
(1177, 4, 2, 4, '123.8571', '2015-05-31', '2015-05-31 08:00:03', '2015-05-31 08:00:03'),
(1178, 4, 3, 4, '116.7912', '2015-05-31', '2015-05-31 08:00:06', '2015-05-31 08:00:06'),
(1179, 5, 1, 1, '117.5495', '2015-05-31', '2015-05-31 08:00:08', '2015-05-31 08:00:08'),
(1180, 5, 2, 1, '122.9749', '2015-05-31', '2015-05-31 08:00:08', '2015-05-31 08:00:08'),
(1181, 5, 3, 1, '120.5636', '2015-05-31', '2015-05-31 08:00:09', '2015-05-31 08:00:09'),
(1182, 5, 1, 4, '110.9516', '2015-05-31', '2015-05-31 08:00:09', '2015-05-31 08:00:09'),
(1183, 5, 2, 4, '122.6308', '2015-05-31', '2015-05-31 08:00:10', '2015-05-31 08:00:10'),
(1184, 5, 3, 4, '116.7912', '2015-05-31', '2015-05-31 08:00:10', '2015-05-31 08:00:10'),
(1185, 6, 3, 2, '0.0084', '2015-05-31', '2015-05-31 08:00:10', '2015-05-31 08:00:10'),
(1186, 6, 3, 3, '0.0086', '2015-05-31', '2015-05-31 08:00:10', '2015-05-31 08:00:10'),
(1187, 6, 3, 5, '0.9752', '2015-05-31', '2015-05-31 08:00:10', '2015-05-31 08:00:10'),
(1188, 6, 3, 6, '1.0256', '2015-05-31', '2015-05-31 08:00:10', '2015-05-31 08:00:10'),
(1189, 7, 1, 1, '120.2019', '2015-05-31', '2015-05-31 08:00:11', '2015-05-31 08:00:11'),
(1190, 7, 2, 1, '120.9253', '2015-05-31', '2015-05-31 08:00:11', '2015-05-31 08:00:11'),
(1191, 7, 3, 1, '120.5636', '2015-05-31', '2015-05-31 08:00:11', '2015-05-31 08:00:11'),
(1192, 7, 1, 4, '116.4408', '2015-05-31', '2015-05-31 08:00:11', '2015-05-31 08:00:11'),
(1193, 7, 2, 4, '117.1416', '2015-05-31', '2015-05-31 08:00:11', '2015-05-31 08:00:11'),
(1194, 7, 3, 4, '116.7912', '2015-05-31', '2015-05-31 08:00:11', '2015-05-31 08:00:11'),
(1195, 2, 1, 1, '118.1980', '2015-06-01', '2015-06-01 08:00:02', '2015-06-01 08:00:02'),
(1196, 2, 2, 1, '123.0224', '2015-06-01', '2015-06-01 08:00:02', '2015-06-01 08:00:02'),
(1197, 2, 3, 1, '120.6102', '2015-06-01', '2015-06-01 08:00:03', '2015-06-01 08:00:03'),
(1198, 2, 1, 4, '112.0218', '2015-06-01', '2015-06-01 08:00:03', '2015-06-01 08:00:03'),
(1199, 2, 2, 4, '121.3570', '2015-06-01', '2015-06-01 08:00:03', '2015-06-01 08:00:03'),
(1200, 2, 3, 4, '116.6894', '2015-06-01', '2015-06-01 08:00:04', '2015-06-01 08:00:04'),
(1201, 4, 1, 1, '118.1980', '2015-06-01', '2015-06-01 08:00:05', '2015-06-01 08:00:05'),
(1202, 4, 2, 1, '124.2526', '2015-06-01', '2015-06-01 08:00:13', '2015-06-01 08:00:13'),
(1203, 4, 3, 1, '120.6102', '2015-06-01', '2015-06-01 08:00:13', '2015-06-01 08:00:13'),
(1204, 4, 1, 4, '110.8549', '2015-06-01', '2015-06-01 08:00:14', '2015-06-01 08:00:14'),
(1205, 4, 2, 4, '123.7491', '2015-06-01', '2015-06-01 08:00:17', '2015-06-01 08:00:17'),
(1206, 4, 3, 4, '116.6894', '2015-06-01', '2015-06-01 08:00:17', '2015-06-01 08:00:17'),
(1207, 5, 1, 1, '117.5949', '2015-06-01', '2015-06-01 08:00:18', '2015-06-01 08:00:18'),
(1208, 5, 2, 1, '123.0224', '2015-06-01', '2015-06-01 08:00:18', '2015-06-01 08:00:18'),
(1209, 5, 3, 1, '120.6102', '2015-06-01', '2015-06-01 08:00:18', '2015-06-01 08:00:18'),
(1210, 5, 1, 4, '110.8549', '2015-06-01', '2015-06-01 08:00:18', '2015-06-01 08:00:18'),
(1211, 5, 2, 4, '122.5239', '2015-06-01', '2015-06-01 08:00:18', '2015-06-01 08:00:18'),
(1212, 5, 3, 4, '116.6894', '2015-06-01', '2015-06-01 08:00:18', '2015-06-01 08:00:18'),
(1213, 6, 3, 2, '0.0083', '2015-06-01', '2015-06-01 08:00:19', '2015-06-01 08:00:19'),
(1214, 6, 3, 3, '0.0086', '2015-06-01', '2015-06-01 08:00:20', '2015-06-01 08:00:20'),
(1215, 6, 3, 5, '0.9686', '2015-06-01', '2015-06-01 08:00:20', '2015-06-01 08:00:20'),
(1216, 6, 3, 6, '1.0323', '2015-06-01', '2015-06-01 08:00:21', '2015-06-01 08:00:21'),
(1217, 7, 1, 1, '120.2484', '2015-06-01', '2015-06-01 08:00:21', '2015-06-01 08:00:21'),
(1218, 7, 2, 1, '120.9720', '2015-06-01', '2015-06-01 08:00:21', '2015-06-01 08:00:21'),
(1219, 7, 3, 1, '120.6102', '2015-06-01', '2015-06-01 08:00:21', '2015-06-01 08:00:21'),
(1220, 7, 1, 4, '116.3393', '2015-06-01', '2015-06-01 08:00:22', '2015-06-01 08:00:22'),
(1221, 7, 2, 4, '117.0395', '2015-06-01', '2015-06-01 08:00:29', '2015-06-01 08:00:29'),
(1222, 7, 3, 4, '116.6894', '2015-06-01', '2015-06-01 08:00:29', '2015-06-01 08:00:29'),
(1223, 2, 1, 1, '118.2187', '2015-06-02', '2015-06-02 08:00:02', '2015-06-02 08:00:02'),
(1224, 2, 2, 1, '123.0439', '2015-06-02', '2015-06-02 08:00:02', '2015-06-02 08:00:02'),
(1225, 2, 3, 1, '120.6313', '2015-06-02', '2015-06-02 08:00:02', '2015-06-02 08:00:02'),
(1226, 2, 1, 4, '112.1173', '2015-06-02', '2015-06-02 08:00:03', '2015-06-02 08:00:03'),
(1227, 2, 2, 4, '121.4605', '2015-06-02', '2015-06-02 08:00:06', '2015-06-02 08:00:06'),
(1228, 2, 3, 4, '116.7889', '2015-06-02', '2015-06-02 08:00:06', '2015-06-02 08:00:06'),
(1229, 4, 1, 1, '118.2187', '2015-06-02', '2015-06-02 08:00:06', '2015-06-02 08:00:06'),
(1230, 4, 2, 1, '124.2743', '2015-06-02', '2015-06-02 08:00:06', '2015-06-02 08:00:06'),
(1231, 4, 3, 1, '120.6313', '2015-06-02', '2015-06-02 08:00:06', '2015-06-02 08:00:06'),
(1232, 4, 1, 4, '110.9495', '2015-06-02', '2015-06-02 08:00:07', '2015-06-02 08:00:07'),
(1233, 4, 2, 4, '123.8546', '2015-06-02', '2015-06-02 08:00:07', '2015-06-02 08:00:07'),
(1234, 4, 3, 4, '116.7889', '2015-06-02', '2015-06-02 08:00:07', '2015-06-02 08:00:07'),
(1235, 5, 1, 1, '117.6155', '2015-06-02', '2015-06-02 08:00:07', '2015-06-02 08:00:07'),
(1236, 5, 2, 1, '123.0439', '2015-06-02', '2015-06-02 08:00:07', '2015-06-02 08:00:07'),
(1237, 5, 3, 1, '120.6313', '2015-06-02', '2015-06-02 08:00:08', '2015-06-02 08:00:08'),
(1238, 5, 1, 4, '110.9495', '2015-06-02', '2015-06-02 08:00:08', '2015-06-02 08:00:08'),
(1239, 5, 2, 4, '122.6283', '2015-06-02', '2015-06-02 08:00:08', '2015-06-02 08:00:08'),
(1240, 5, 3, 4, '116.7889', '2015-06-02', '2015-06-02 08:00:08', '2015-06-02 08:00:08'),
(1241, 6, 3, 2, '0.0083', '2015-06-02', '2015-06-02 08:00:08', '2015-06-02 08:00:08'),
(1242, 6, 3, 3, '0.0086', '2015-06-02', '2015-06-02 08:00:08', '2015-06-02 08:00:08'),
(1243, 6, 3, 5, '0.9681', '2015-06-02', '2015-06-02 08:00:08', '2015-06-02 08:00:08'),
(1244, 6, 3, 6, '1.0344', '2015-06-02', '2015-06-02 08:00:08', '2015-06-02 08:00:08'),
(1245, 7, 1, 1, '120.2694', '2015-06-02', '2015-06-02 08:00:09', '2015-06-02 08:00:09'),
(1246, 7, 2, 1, '120.9932', '2015-06-02', '2015-06-02 08:00:09', '2015-06-02 08:00:09'),
(1247, 7, 3, 1, '120.6313', '2015-06-02', '2015-06-02 08:00:09', '2015-06-02 08:00:09'),
(1248, 7, 1, 4, '116.4385', '2015-06-02', '2015-06-02 08:00:09', '2015-06-02 08:00:09'),
(1249, 7, 2, 4, '117.1393', '2015-06-02', '2015-06-02 08:00:09', '2015-06-02 08:00:09'),
(1250, 7, 3, 4, '116.7889', '2015-06-02', '2015-06-02 08:00:09', '2015-06-02 08:00:09'),
(1251, 2, 1, 1, '118.2493', '2015-06-03', '2015-06-03 08:00:01', '2015-06-03 08:00:01'),
(1252, 2, 2, 1, '123.0759', '2015-06-03', '2015-06-03 08:00:03', '2015-06-03 08:00:03'),
(1253, 2, 3, 1, '120.6626', '2015-06-03', '2015-06-03 08:00:04', '2015-06-03 08:00:04'),
(1254, 2, 1, 4, '111.1457', '2015-06-03', '2015-06-03 08:00:05', '2015-06-03 08:00:05'),
(1255, 2, 2, 4, '120.4079', '2015-06-03', '2015-06-03 08:00:05', '2015-06-03 08:00:05'),
(1256, 2, 3, 4, '115.7768', '2015-06-03', '2015-06-03 08:00:06', '2015-06-03 08:00:06'),
(1257, 4, 1, 1, '118.2493', '2015-06-03', '2015-06-03 08:00:08', '2015-06-03 08:00:08'),
(1258, 4, 2, 1, '124.3067', '2015-06-03', '2015-06-03 08:00:08', '2015-06-03 08:00:08'),
(1259, 4, 3, 1, '120.6626', '2015-06-03', '2015-06-03 08:00:08', '2015-06-03 08:00:08'),
(1260, 4, 1, 4, '109.9880', '2015-06-03', '2015-06-03 08:00:09', '2015-06-03 08:00:09'),
(1261, 4, 2, 4, '122.7813', '2015-06-03', '2015-06-03 08:00:09', '2015-06-03 08:00:09'),
(1262, 4, 3, 4, '115.7768', '2015-06-03', '2015-06-03 08:00:10', '2015-06-03 08:00:10'),
(1263, 5, 1, 1, '117.6460', '2015-06-03', '2015-06-03 08:00:10', '2015-06-03 08:00:10'),
(1264, 5, 2, 1, '123.0759', '2015-06-03', '2015-06-03 08:00:10', '2015-06-03 08:00:10'),
(1265, 5, 3, 1, '120.6626', '2015-06-03', '2015-06-03 08:00:11', '2015-06-03 08:00:11'),
(1266, 5, 1, 4, '109.9880', '2015-06-03', '2015-06-03 08:00:11', '2015-06-03 08:00:11'),
(1267, 5, 2, 4, '121.5656', '2015-06-03', '2015-06-03 08:00:12', '2015-06-03 08:00:12'),
(1268, 5, 3, 4, '115.7768', '2015-06-03', '2015-06-03 08:00:12', '2015-06-03 08:00:12'),
(1269, 6, 3, 2, '0.0083', '2015-06-03', '2015-06-03 08:00:14', '2015-06-03 08:00:14'),
(1270, 6, 3, 3, '0.0086', '2015-06-03', '2015-06-03 08:00:15', '2015-06-03 08:00:15'),
(1271, 6, 3, 5, '0.9606', '2015-06-03', '2015-06-03 08:00:16', '2015-06-03 08:00:16'),
(1272, 6, 3, 6, '1.0407', '2015-06-03', '2015-06-03 08:00:16', '2015-06-03 08:00:16'),
(1273, 7, 1, 1, '120.3006', '2015-06-03', '2015-06-03 08:00:17', '2015-06-03 08:00:17'),
(1274, 7, 2, 1, '121.0246', '2015-06-03', '2015-06-03 08:00:21', '2015-06-03 08:00:21'),
(1275, 7, 3, 1, '120.6626', '2015-06-03', '2015-06-03 08:00:21', '2015-06-03 08:00:21'),
(1276, 7, 1, 4, '115.4295', '2015-06-03', '2015-06-03 08:00:23', '2015-06-03 08:00:23'),
(1277, 7, 2, 4, '116.1241', '2015-06-03', '2015-06-03 08:00:24', '2015-06-03 08:00:24'),
(1278, 7, 3, 4, '115.7768', '2015-06-03', '2015-06-03 08:00:25', '2015-06-03 08:00:25'),
(1279, 2, 1, 1, '118.3257', '2015-06-04', '2015-06-04 08:00:02', '2015-06-04 08:00:02'),
(1280, 2, 2, 1, '123.1553', '2015-06-04', '2015-06-04 08:00:02', '2015-06-04 08:00:02'),
(1281, 2, 3, 1, '120.7405', '2015-06-04', '2015-06-04 08:00:02', '2015-06-04 08:00:02'),
(1282, 2, 1, 4, '110.0977', '2015-06-04', '2015-06-04 08:00:03', '2015-06-04 08:00:03'),
(1283, 2, 2, 4, '119.2725', '2015-06-04', '2015-06-04 08:00:03', '2015-06-04 08:00:03'),
(1284, 2, 3, 4, '114.6851', '2015-06-04', '2015-06-04 08:00:03', '2015-06-04 08:00:03'),
(1285, 4, 1, 1, '118.3257', '2015-06-04', '2015-06-04 08:00:04', '2015-06-04 08:00:04'),
(1286, 4, 2, 1, '124.3869', '2015-06-04', '2015-06-04 08:00:04', '2015-06-04 08:00:04'),
(1287, 4, 3, 1, '120.7405', '2015-06-04', '2015-06-04 08:00:05', '2015-06-04 08:00:05'),
(1288, 4, 1, 4, '108.9508', '2015-06-04', '2015-06-04 08:00:05', '2015-06-04 08:00:05'),
(1289, 4, 2, 4, '121.6236', '2015-06-04', '2015-06-04 08:00:05', '2015-06-04 08:00:05'),
(1290, 4, 3, 4, '114.6851', '2015-06-04', '2015-06-04 08:00:05', '2015-06-04 08:00:05'),
(1291, 5, 1, 1, '117.7220', '2015-06-04', '2015-06-04 08:00:06', '2015-06-04 08:00:06'),
(1292, 5, 2, 1, '123.1553', '2015-06-04', '2015-06-04 08:00:06', '2015-06-04 08:00:06'),
(1293, 5, 3, 1, '120.7405', '2015-06-04', '2015-06-04 08:00:06', '2015-06-04 08:00:06'),
(1294, 5, 1, 4, '108.9508', '2015-06-04', '2015-06-04 08:00:06', '2015-06-04 08:00:06'),
(1295, 5, 2, 4, '120.4194', '2015-06-04', '2015-06-04 08:00:06', '2015-06-04 08:00:06'),
(1296, 5, 3, 4, '114.6851', '2015-06-04', '2015-06-04 08:00:06', '2015-06-04 08:00:06'),
(1297, 6, 3, 2, '0.0083', '2015-06-04', '2015-06-04 08:00:06', '2015-06-04 08:00:06'),
(1298, 6, 3, 3, '0.0087', '2015-06-04', '2015-06-04 08:00:07', '2015-06-04 08:00:07'),
(1299, 6, 3, 5, '0.9490', '2015-06-04', '2015-06-04 08:00:09', '2015-06-04 08:00:09'),
(1300, 6, 3, 6, '1.0536', '2015-06-04', '2015-06-04 08:00:10', '2015-06-04 08:00:10'),
(1301, 7, 1, 1, '120.3783', '2015-06-04', '2015-06-04 08:00:10', '2015-06-04 08:00:10'),
(1302, 7, 2, 1, '121.1027', '2015-06-04', '2015-06-04 08:00:10', '2015-06-04 08:00:10'),
(1303, 7, 3, 1, '120.7405', '2015-06-04', '2015-06-04 08:00:10', '2015-06-04 08:00:10'),
(1304, 7, 1, 4, '114.3410', '2015-06-04', '2015-06-04 08:00:10', '2015-06-04 08:00:10'),
(1305, 7, 2, 4, '115.0292', '2015-06-04', '2015-06-04 08:00:10', '2015-06-04 08:00:10'),
(1306, 7, 3, 4, '114.6851', '2015-06-04', '2015-06-04 08:00:10', '2015-06-04 08:00:10'),
(1307, 2, 1, 1, '118.0615', '2015-06-05', '2015-06-05 08:00:02', '2015-06-05 08:00:02'),
(1308, 2, 2, 1, '122.8803', '2015-06-05', '2015-06-05 08:00:03', '2015-06-05 08:00:03'),
(1309, 2, 3, 1, '120.4709', '2015-06-05', '2015-06-05 08:00:03', '2015-06-05 08:00:03'),
(1310, 2, 1, 4, '110.3129', '2015-06-05', '2015-06-05 08:00:04', '2015-06-05 08:00:04'),
(1311, 2, 2, 4, '119.5057', '2015-06-05', '2015-06-05 08:00:05', '2015-06-05 08:00:05'),
(1312, 2, 3, 4, '114.9093', '2015-06-05', '2015-06-05 08:00:06', '2015-06-05 08:00:06'),
(1313, 4, 1, 1, '118.0615', '2015-06-05', '2015-06-05 08:00:24', '2015-06-05 08:00:24'),
(1314, 4, 2, 1, '124.1091', '2015-06-05', '2015-06-05 08:00:27', '2015-06-05 08:00:27'),
(1315, 4, 3, 1, '120.4709', '2015-06-05', '2015-06-05 08:00:27', '2015-06-05 08:00:27'),
(1316, 4, 1, 4, '109.1638', '2015-06-05', '2015-06-05 08:00:28', '2015-06-05 08:00:28'),
(1317, 4, 2, 4, '121.8613', '2015-06-05', '2015-06-05 08:00:28', '2015-06-05 08:00:28'),
(1318, 4, 3, 4, '114.9093', '2015-06-05', '2015-06-05 08:00:29', '2015-06-05 08:00:29'),
(1319, 5, 1, 1, '117.4591', '2015-06-05', '2015-06-05 08:00:30', '2015-06-05 08:00:30'),
(1320, 5, 2, 1, '122.8803', '2015-06-05', '2015-06-05 08:00:31', '2015-06-05 08:00:31'),
(1321, 5, 3, 1, '120.4709', '2015-06-05', '2015-06-05 08:00:31', '2015-06-05 08:00:31'),
(1322, 5, 1, 4, '109.1638', '2015-06-05', '2015-06-05 08:00:32', '2015-06-05 08:00:32'),
(1323, 5, 2, 4, '120.6548', '2015-06-05', '2015-06-05 08:00:32', '2015-06-05 08:00:32'),
(1324, 5, 3, 4, '114.9093', '2015-06-05', '2015-06-05 08:00:33', '2015-06-05 08:00:33'),
(1325, 6, 3, 2, '0.0083', '2015-06-05', '2015-06-05 08:00:34', '2015-06-05 08:00:34'),
(1326, 6, 3, 3, '0.0087', '2015-06-05', '2015-06-05 08:00:35', '2015-06-05 08:00:35'),
(1327, 6, 3, 5, '0.9522', '2015-06-05', '2015-06-05 08:00:36', '2015-06-05 08:00:36'),
(1328, 6, 3, 6, '1.0499', '2015-06-05', '2015-06-05 08:00:36', '2015-06-05 08:00:36'),
(1329, 7, 1, 1, '120.1095', '2015-06-05', '2015-06-05 08:00:37', '2015-06-05 08:00:37'),
(1330, 7, 2, 1, '120.8323', '2015-06-05', '2015-06-05 08:00:38', '2015-06-05 08:00:38'),
(1331, 7, 3, 1, '120.4709', '2015-06-05', '2015-06-05 08:00:38', '2015-06-05 08:00:38'),
(1332, 7, 1, 4, '114.5646', '2015-06-05', '2015-06-05 08:00:38', '2015-06-05 08:00:38'),
(1333, 7, 2, 4, '115.2540', '2015-06-05', '2015-06-05 08:00:38', '2015-06-05 08:00:38'),
(1334, 7, 3, 4, '114.9093', '2015-06-05', '2015-06-05 08:00:39', '2015-06-05 08:00:39'),
(1335, 2, 1, 1, '118.0615', '2015-06-06', '2015-06-06 08:00:02', '2015-06-06 08:00:02'),
(1336, 2, 2, 1, '122.8803', '2015-06-06', '2015-06-06 08:00:03', '2015-06-06 08:00:03'),
(1337, 2, 3, 1, '120.4709', '2015-06-06', '2015-06-06 08:00:03', '2015-06-06 08:00:03'),
(1338, 2, 1, 4, '110.3129', '2015-06-06', '2015-06-06 08:00:03', '2015-06-06 08:00:03'),
(1339, 2, 2, 4, '119.5057', '2015-06-06', '2015-06-06 08:00:04', '2015-06-06 08:00:04'),
(1340, 2, 3, 4, '114.9093', '2015-06-06', '2015-06-06 08:00:04', '2015-06-06 08:00:04'),
(1341, 4, 1, 1, '118.0615', '2015-06-06', '2015-06-06 08:00:04', '2015-06-06 08:00:04'),
(1342, 4, 2, 1, '124.1091', '2015-06-06', '2015-06-06 08:00:04', '2015-06-06 08:00:04'),
(1343, 4, 3, 1, '120.4709', '2015-06-06', '2015-06-06 08:00:05', '2015-06-06 08:00:05'),
(1344, 4, 1, 4, '109.1638', '2015-06-06', '2015-06-06 08:00:05', '2015-06-06 08:00:05'),
(1345, 4, 2, 4, '121.8613', '2015-06-06', '2015-06-06 08:00:05', '2015-06-06 08:00:05'),
(1346, 4, 3, 4, '114.9093', '2015-06-06', '2015-06-06 08:00:05', '2015-06-06 08:00:05'),
(1347, 5, 1, 1, '117.4591', '2015-06-06', '2015-06-06 08:00:05', '2015-06-06 08:00:05'),
(1348, 5, 2, 1, '122.8803', '2015-06-06', '2015-06-06 08:00:05', '2015-06-06 08:00:05'),
(1349, 5, 3, 1, '120.4709', '2015-06-06', '2015-06-06 08:00:05', '2015-06-06 08:00:05'),
(1350, 5, 1, 4, '109.1638', '2015-06-06', '2015-06-06 08:00:05', '2015-06-06 08:00:05'),
(1351, 5, 2, 4, '120.6548', '2015-06-06', '2015-06-06 08:00:05', '2015-06-06 08:00:05'),
(1352, 5, 3, 4, '114.9093', '2015-06-06', '2015-06-06 08:00:05', '2015-06-06 08:00:05'),
(1353, 6, 3, 2, '0.0083', '2015-06-06', '2015-06-06 08:00:06', '2015-06-06 08:00:06'),
(1354, 6, 3, 3, '0.0087', '2015-06-06', '2015-06-06 08:00:06', '2015-06-06 08:00:06'),
(1355, 6, 3, 5, '0.9578', '2015-06-06', '2015-06-06 08:00:06', '2015-06-06 08:00:06'),
(1356, 6, 3, 6, '1.0441', '2015-06-06', '2015-06-06 08:00:06', '2015-06-06 08:00:06'),
(1357, 7, 1, 1, '120.1095', '2015-06-06', '2015-06-06 08:00:07', '2015-06-06 08:00:07'),
(1358, 7, 2, 1, '120.8323', '2015-06-06', '2015-06-06 08:00:07', '2015-06-06 08:00:07'),
(1359, 7, 3, 1, '120.4709', '2015-06-06', '2015-06-06 08:00:07', '2015-06-06 08:00:07'),
(1360, 7, 1, 4, '114.5646', '2015-06-06', '2015-06-06 08:00:07', '2015-06-06 08:00:07'),
(1361, 7, 2, 4, '115.2540', '2015-06-06', '2015-06-06 08:00:07', '2015-06-06 08:00:07'),
(1362, 7, 3, 4, '114.9093', '2015-06-06', '2015-06-06 08:00:07', '2015-06-06 08:00:07'),
(1363, 2, 1, 1, '118.0615', '2015-06-07', '2015-06-07 08:00:01', '2015-06-07 08:00:01'),
(1364, 2, 2, 1, '122.8803', '2015-06-07', '2015-06-07 08:00:01', '2015-06-07 08:00:01'),
(1365, 2, 3, 1, '120.4709', '2015-06-07', '2015-06-07 08:00:02', '2015-06-07 08:00:02'),
(1366, 2, 1, 4, '110.3129', '2015-06-07', '2015-06-07 08:00:02', '2015-06-07 08:00:02'),
(1367, 2, 2, 4, '119.5057', '2015-06-07', '2015-06-07 08:00:02', '2015-06-07 08:00:02'),
(1368, 2, 3, 4, '114.9093', '2015-06-07', '2015-06-07 08:00:02', '2015-06-07 08:00:02'),
(1369, 4, 1, 1, '118.0615', '2015-06-07', '2015-06-07 08:00:03', '2015-06-07 08:00:03'),
(1370, 4, 2, 1, '124.1091', '2015-06-07', '2015-06-07 08:00:03', '2015-06-07 08:00:03'),
(1371, 4, 3, 1, '120.4709', '2015-06-07', '2015-06-07 08:00:03', '2015-06-07 08:00:03'),
(1372, 4, 1, 4, '109.1638', '2015-06-07', '2015-06-07 08:00:03', '2015-06-07 08:00:03'),
(1373, 4, 2, 4, '121.8613', '2015-06-07', '2015-06-07 08:00:04', '2015-06-07 08:00:04'),
(1374, 4, 3, 4, '114.9093', '2015-06-07', '2015-06-07 08:00:04', '2015-06-07 08:00:04'),
(1375, 5, 1, 1, '117.4591', '2015-06-07', '2015-06-07 08:00:04', '2015-06-07 08:00:04'),
(1376, 5, 2, 1, '122.8803', '2015-06-07', '2015-06-07 08:00:04', '2015-06-07 08:00:04'),
(1377, 5, 3, 1, '120.4709', '2015-06-07', '2015-06-07 08:00:04', '2015-06-07 08:00:04'),
(1378, 5, 1, 4, '109.1638', '2015-06-07', '2015-06-07 08:00:04', '2015-06-07 08:00:04'),
(1379, 5, 2, 4, '120.6548', '2015-06-07', '2015-06-07 08:00:04', '2015-06-07 08:00:04'),
(1380, 5, 3, 4, '114.9093', '2015-06-07', '2015-06-07 08:00:04', '2015-06-07 08:00:04'),
(1381, 6, 3, 2, '0.0083', '2015-06-07', '2015-06-07 08:00:05', '2015-06-07 08:00:05'),
(1382, 6, 3, 3, '0.0087', '2015-06-07', '2015-06-07 08:00:05', '2015-06-07 08:00:05'),
(1383, 6, 3, 5, '0.9578', '2015-06-07', '2015-06-07 08:00:05', '2015-06-07 08:00:05'),
(1384, 6, 3, 6, '1.0441', '2015-06-07', '2015-06-07 08:00:05', '2015-06-07 08:00:05'),
(1385, 7, 1, 1, '120.1095', '2015-06-07', '2015-06-07 08:00:06', '2015-06-07 08:00:06'),
(1386, 7, 2, 1, '120.8323', '2015-06-07', '2015-06-07 08:00:06', '2015-06-07 08:00:06'),
(1387, 7, 3, 1, '120.4709', '2015-06-07', '2015-06-07 08:00:06', '2015-06-07 08:00:06'),
(1388, 7, 1, 4, '114.5646', '2015-06-07', '2015-06-07 08:00:06', '2015-06-07 08:00:06'),
(1389, 7, 2, 4, '115.2540', '2015-06-07', '2015-06-07 08:00:06', '2015-06-07 08:00:06'),
(1390, 7, 3, 4, '114.9093', '2015-06-07', '2015-06-07 08:00:06', '2015-06-07 08:00:06'),
(1391, 2, 1, 1, '118.0288', '2015-06-08', '2015-06-08 08:00:03', '2015-06-08 08:00:03'),
(1392, 2, 2, 1, '122.8463', '2015-06-08', '2015-06-08 08:00:04', '2015-06-08 08:00:04'),
(1393, 2, 3, 1, '120.4375', '2015-06-08', '2015-06-08 08:00:06', '2015-06-08 08:00:06'),
(1394, 2, 1, 4, '110.4720', '2015-06-08', '2015-06-08 08:00:09', '2015-06-08 08:00:09'),
(1395, 2, 2, 4, '119.6780', '2015-06-08', '2015-06-08 08:00:12', '2015-06-08 08:00:12'),
(1396, 2, 3, 4, '115.0750', '2015-06-08', '2015-06-08 08:00:15', '2015-06-08 08:00:15'),
(1397, 4, 1, 1, '118.0288', '2015-06-08', '2015-06-08 08:00:17', '2015-06-08 08:00:17'),
(1398, 4, 2, 1, '124.0748', '2015-06-08', '2015-06-08 08:00:17', '2015-06-08 08:00:17'),
(1399, 4, 3, 1, '120.4375', '2015-06-08', '2015-06-08 08:00:17', '2015-06-08 08:00:17'),
(1400, 4, 1, 4, '109.3212', '2015-06-08', '2015-06-08 08:00:19', '2015-06-08 08:00:19'),
(1401, 4, 2, 4, '122.0371', '2015-06-08', '2015-06-08 08:00:19', '2015-06-08 08:00:19'),
(1402, 4, 3, 4, '115.0750', '2015-06-08', '2015-06-08 08:00:19', '2015-06-08 08:00:19'),
(1403, 5, 1, 1, '117.4266', '2015-06-08', '2015-06-08 08:00:20', '2015-06-08 08:00:20'),
(1404, 5, 2, 1, '122.8462', '2015-06-08', '2015-06-08 08:00:21', '2015-06-08 08:00:21'),
(1405, 5, 3, 1, '120.4375', '2015-06-08', '2015-06-08 08:00:21', '2015-06-08 08:00:21'),
(1406, 5, 1, 4, '109.3212', '2015-06-08', '2015-06-08 08:00:21', '2015-06-08 08:00:21'),
(1407, 5, 2, 4, '120.8288', '2015-06-08', '2015-06-08 08:00:22', '2015-06-08 08:00:22'),
(1408, 5, 3, 4, '115.0750', '2015-06-08', '2015-06-08 08:00:23', '2015-06-08 08:00:23'),
(1409, 6, 3, 2, '0.0083', '2015-06-08', '2015-06-08 08:00:24', '2015-06-08 08:00:24'),
(1410, 6, 3, 3, '0.0087', '2015-06-08', '2015-06-08 08:00:24', '2015-06-08 08:00:24'),
(1411, 6, 3, 5, '0.9553', '2015-06-08', '2015-06-08 08:00:25', '2015-06-08 08:00:25'),
(1412, 6, 3, 6, '1.0467', '2015-06-08', '2015-06-08 08:00:25', '2015-06-08 08:00:25'),
(1413, 7, 1, 1, '120.0762', '2015-06-08', '2015-06-08 08:00:26', '2015-06-08 08:00:26'),
(1414, 7, 2, 1, '120.7988', '2015-06-08', '2015-06-08 08:00:27', '2015-06-08 08:00:27'),
(1415, 7, 3, 1, '120.4375', '2015-06-08', '2015-06-08 08:00:28', '2015-06-08 08:00:28'),
(1416, 7, 1, 4, '114.7298', '2015-06-08', '2015-06-08 08:00:29', '2015-06-08 08:00:29'),
(1417, 7, 2, 4, '115.4202', '2015-06-08', '2015-06-08 08:00:29', '2015-06-08 08:00:29'),
(1418, 7, 3, 4, '115.0750', '2015-06-08', '2015-06-08 08:00:29', '2015-06-08 08:00:29'),
(1419, 2, 1, 1, '118.2560', '2015-06-09', '2015-06-09 08:00:02', '2015-06-09 08:00:02'),
(1420, 2, 2, 1, '123.0828', '2015-06-09', '2015-06-09 08:00:02', '2015-06-09 08:00:02'),
(1421, 2, 3, 1, '120.6694', '2015-06-09', '2015-06-09 08:00:02', '2015-06-09 08:00:02'),
(1422, 2, 1, 4, '110.4209', '2015-06-09', '2015-06-09 08:00:03', '2015-06-09 08:00:03'),
(1423, 2, 2, 4, '119.6227', '2015-06-09', '2015-06-09 08:00:03', '2015-06-09 08:00:03'),
(1424, 2, 3, 4, '115.0218', '2015-06-09', '2015-06-09 08:00:03', '2015-06-09 08:00:03'),
(1425, 4, 1, 1, '118.2560', '2015-06-09', '2015-06-09 08:00:03', '2015-06-09 08:00:03'),
(1426, 4, 2, 1, '124.3136', '2015-06-09', '2015-06-09 08:00:03', '2015-06-09 08:00:03'),
(1427, 4, 3, 1, '120.6694', '2015-06-09', '2015-06-09 08:00:04', '2015-06-09 08:00:04'),
(1428, 4, 1, 4, '109.2707', '2015-06-09', '2015-06-09 08:00:04', '2015-06-09 08:00:04'),
(1429, 4, 2, 4, '121.9806', '2015-06-09', '2015-06-09 08:00:04', '2015-06-09 08:00:04'),
(1430, 4, 3, 4, '115.0218', '2015-06-09', '2015-06-09 08:00:04', '2015-06-09 08:00:04'),
(1431, 5, 1, 1, '117.6527', '2015-06-09', '2015-06-09 08:00:04', '2015-06-09 08:00:04'),
(1432, 5, 2, 1, '123.0828', '2015-06-09', '2015-06-09 08:00:04', '2015-06-09 08:00:04'),
(1433, 5, 3, 1, '120.6694', '2015-06-09', '2015-06-09 08:00:04', '2015-06-09 08:00:04'),
(1434, 5, 1, 4, '109.2707', '2015-06-09', '2015-06-09 08:00:04', '2015-06-09 08:00:04'),
(1435, 5, 2, 4, '120.7729', '2015-06-09', '2015-06-09 08:00:04', '2015-06-09 08:00:04'),
(1436, 5, 3, 4, '115.0218', '2015-06-09', '2015-06-09 08:00:04', '2015-06-09 08:00:04'),
(1437, 6, 3, 2, '0.0083', '2015-06-09', '2015-06-09 08:00:05', '2015-06-09 08:00:05'),
(1438, 6, 3, 3, '0.0087', '2015-06-09', '2015-06-09 08:00:05', '2015-06-09 08:00:05'),
(1439, 6, 3, 5, '0.9559', '2015-06-09', '2015-06-09 08:00:05', '2015-06-09 08:00:05'),
(1440, 6, 3, 6, '1.0463', '2015-06-09', '2015-06-09 08:00:05', '2015-06-09 08:00:05'),
(1441, 7, 1, 1, '120.3074', '2015-06-09', '2015-06-09 08:00:06', '2015-06-09 08:00:06'),
(1442, 7, 2, 1, '121.0314', '2015-06-09', '2015-06-09 08:00:06', '2015-06-09 08:00:06'),
(1443, 7, 3, 1, '120.6694', '2015-06-09', '2015-06-09 08:00:06', '2015-06-09 08:00:06'),
(1444, 7, 1, 4, '114.6767', '2015-06-09', '2015-06-09 08:00:06', '2015-06-09 08:00:06'),
(1445, 7, 2, 4, '115.3669', '2015-06-09', '2015-06-09 08:00:06', '2015-06-09 08:00:06'),
(1446, 7, 3, 4, '115.0218', '2015-06-09', '2015-06-09 08:00:06', '2015-06-09 08:00:06'),
(1447, 2, 1, 1, '118.2961', '2015-06-10', '2015-06-10 08:00:02', '2015-06-10 08:00:02'),
(1448, 2, 2, 1, '123.1245', '2015-06-10', '2015-06-10 08:00:02', '2015-06-10 08:00:02'),
(1449, 2, 3, 1, '120.7103', '2015-06-10', '2015-06-10 08:00:03', '2015-06-10 08:00:03'),
(1450, 2, 1, 4, '110.3112', '2015-06-10', '2015-06-10 08:00:04', '2015-06-10 08:00:04'),
(1451, 2, 2, 4, '119.5038', '2015-06-10', '2015-06-10 08:00:19', '2015-06-10 08:00:19'),
(1452, 2, 3, 4, '114.9075', '2015-06-10', '2015-06-10 08:00:22', '2015-06-10 08:00:22'),
(1453, 4, 1, 1, '118.2961', '2015-06-10', '2015-06-10 08:00:24', '2015-06-10 08:00:24'),
(1454, 4, 2, 1, '124.3557', '2015-06-10', '2015-06-10 08:00:24', '2015-06-10 08:00:24'),
(1455, 4, 3, 1, '120.7103', '2015-06-10', '2015-06-10 08:00:26', '2015-06-10 08:00:26'),
(1456, 4, 1, 4, '109.1621', '2015-06-10', '2015-06-10 08:00:28', '2015-06-10 08:00:28'),
(1457, 4, 2, 4, '121.8594', '2015-06-10', '2015-06-10 08:00:29', '2015-06-10 08:00:29'),
(1458, 4, 3, 4, '114.9075', '2015-06-10', '2015-06-10 08:00:29', '2015-06-10 08:00:29'),
(1459, 5, 1, 1, '117.6925', '2015-06-10', '2015-06-10 08:00:30', '2015-06-10 08:00:30'),
(1460, 5, 2, 1, '123.1245', '2015-06-10', '2015-06-10 08:00:30', '2015-06-10 08:00:30'),
(1461, 5, 3, 1, '120.7103', '2015-06-10', '2015-06-10 08:00:30', '2015-06-10 08:00:30'),
(1462, 5, 1, 4, '109.1621', '2015-06-10', '2015-06-10 08:00:31', '2015-06-10 08:00:31'),
(1463, 5, 2, 4, '120.6529', '2015-06-10', '2015-06-10 08:00:32', '2015-06-10 08:00:32'),
(1464, 5, 3, 4, '114.9075', '2015-06-10', '2015-06-10 08:00:33', '2015-06-10 08:00:33'),
(1465, 6, 3, 2, '0.0082', '2015-06-10', '2015-06-10 08:00:34', '2015-06-10 08:00:34'),
(1466, 6, 3, 3, '0.0087', '2015-06-10', '2015-06-10 08:00:35', '2015-06-10 08:00:35'),
(1467, 6, 3, 5, '0.9522', '2015-06-10', '2015-06-10 08:00:36', '2015-06-10 08:00:36'),
(1468, 6, 3, 6, '1.0499', '2015-06-10', '2015-06-10 08:00:37', '2015-06-10 08:00:37'),
(1469, 7, 1, 1, '120.3482', '2015-06-10', '2015-06-10 08:00:39', '2015-06-10 08:00:39'),
(1470, 7, 2, 1, '121.0724', '2015-06-10', '2015-06-10 08:00:40', '2015-06-10 08:00:40'),
(1471, 7, 3, 1, '120.7103', '2015-06-10', '2015-06-10 08:00:40', '2015-06-10 08:00:40'),
(1472, 7, 1, 4, '114.5628', '2015-06-10', '2015-06-10 08:00:41', '2015-06-10 08:00:41'),
(1473, 7, 2, 4, '115.2522', '2015-06-10', '2015-06-10 08:00:42', '2015-06-10 08:00:42'),
(1474, 7, 3, 4, '114.9075', '2015-06-10', '2015-06-10 08:00:43', '2015-06-10 08:00:43'),
(1475, 2, 1, 1, '118.2817', '2015-06-11', '2015-06-11 08:00:01', '2015-06-11 08:00:01'),
(1476, 2, 2, 1, '123.1095', '2015-06-11', '2015-06-11 08:00:02', '2015-06-11 08:00:02'),
(1477, 2, 3, 1, '120.6956', '2015-06-11', '2015-06-11 08:00:02', '2015-06-11 08:00:02'),
(1478, 2, 1, 4, '109.8481', '2015-06-11', '2015-06-11 08:00:02', '2015-06-11 08:00:02'),
(1479, 2, 2, 4, '119.0021', '2015-06-11', '2015-06-11 08:00:02', '2015-06-11 08:00:02'),
(1480, 2, 3, 4, '114.4251', '2015-06-11', '2015-06-11 08:00:03', '2015-06-11 08:00:03'),
(1481, 4, 1, 1, '118.2817', '2015-06-11', '2015-06-11 08:00:03', '2015-06-11 08:00:03'),
(1482, 4, 2, 1, '124.3406', '2015-06-11', '2015-06-11 08:00:03', '2015-06-11 08:00:03'),
(1483, 4, 3, 1, '120.6956', '2015-06-11', '2015-06-11 08:00:03', '2015-06-11 08:00:03'),
(1484, 4, 1, 4, '108.7038', '2015-06-11', '2015-06-11 08:00:03', '2015-06-11 08:00:03'),
(1485, 4, 2, 4, '121.3479', '2015-06-11', '2015-06-11 08:00:03', '2015-06-11 08:00:03'),
(1486, 4, 3, 4, '114.4251', '2015-06-11', '2015-06-11 08:00:03', '2015-06-11 08:00:03'),
(1487, 5, 1, 1, '117.6782', '2015-06-11', '2015-06-11 08:00:04', '2015-06-11 08:00:04'),
(1488, 5, 2, 1, '123.1095', '2015-06-11', '2015-06-11 08:00:04', '2015-06-11 08:00:04'),
(1489, 5, 3, 1, '120.6956', '2015-06-11', '2015-06-11 08:00:04', '2015-06-11 08:00:04'),
(1490, 5, 1, 4, '108.7038', '2015-06-11', '2015-06-11 08:00:04', '2015-06-11 08:00:04'),
(1491, 5, 2, 4, '120.1464', '2015-06-11', '2015-06-11 08:00:04', '2015-06-11 08:00:04'),
(1492, 5, 3, 4, '114.4251', '2015-06-11', '2015-06-11 08:00:04', '2015-06-11 08:00:04'),
(1493, 6, 3, 2, '0.0083', '2015-06-11', '2015-06-11 08:00:05', '2015-06-11 08:00:05'),
(1494, 6, 3, 3, '0.0087', '2015-06-11', '2015-06-11 08:00:05', '2015-06-11 08:00:05'),
(1495, 6, 3, 5, '0.9512', '2015-06-11', '2015-06-11 08:00:05', '2015-06-11 08:00:05'),
(1496, 6, 3, 6, '1.0511', '2015-06-11', '2015-06-11 08:00:06', '2015-06-11 08:00:06'),
(1497, 7, 1, 1, '120.3335', '2015-06-11', '2015-06-11 08:00:06', '2015-06-11 08:00:06'),
(1498, 7, 2, 1, '121.0577', '2015-06-11', '2015-06-11 08:00:06', '2015-06-11 08:00:06'),
(1499, 7, 3, 1, '120.6956', '2015-06-11', '2015-06-11 08:00:06', '2015-06-11 08:00:06'),
(1500, 7, 1, 4, '114.0818', '2015-06-11', '2015-06-11 08:00:06', '2015-06-11 08:00:06'),
(1501, 7, 2, 4, '114.7684', '2015-06-11', '2015-06-11 08:00:06', '2015-06-11 08:00:06'),
(1502, 7, 3, 4, '114.4251', '2015-06-11', '2015-06-11 08:00:06', '2015-06-11 08:00:06'),
(1503, 2, 1, 1, '118.1232', '2015-06-12', '2015-06-12 08:00:02', '2015-06-12 08:00:02'),
(1504, 2, 2, 1, '122.9446', '2015-06-12', '2015-06-12 08:00:02', '2015-06-12 08:00:02'),
(1505, 2, 3, 1, '120.5339', '2015-06-12', '2015-06-12 08:00:02', '2015-06-12 08:00:02'),
(1506, 2, 1, 4, '110.2760', '2015-06-12', '2015-06-12 08:00:03', '2015-06-12 08:00:03'),
(1507, 2, 2, 4, '119.4656', '2015-06-12', '2015-06-12 08:00:03', '2015-06-12 08:00:03'),
(1508, 2, 3, 4, '114.8708', '2015-06-12', '2015-06-12 08:00:04', '2015-06-12 08:00:04'),
(1509, 4, 1, 1, '118.1232', '2015-06-12', '2015-06-12 08:00:04', '2015-06-12 08:00:04'),
(1510, 4, 2, 1, '124.1740', '2015-06-12', '2015-06-12 08:00:04', '2015-06-12 08:00:04'),
(1511, 4, 3, 1, '120.5339', '2015-06-12', '2015-06-12 08:00:05', '2015-06-12 08:00:05'),
(1512, 4, 1, 4, '109.1273', '2015-06-12', '2015-06-12 08:00:05', '2015-06-12 08:00:05'),
(1513, 4, 2, 4, '121.8204', '2015-06-12', '2015-06-12 08:00:05', '2015-06-12 08:00:05'),
(1514, 4, 3, 4, '114.8708', '2015-06-12', '2015-06-12 08:00:06', '2015-06-12 08:00:06'),
(1515, 5, 1, 1, '117.5206', '2015-06-12', '2015-06-12 08:00:06', '2015-06-12 08:00:06'),
(1516, 5, 2, 1, '122.9446', '2015-06-12', '2015-06-12 08:00:06', '2015-06-12 08:00:06'),
(1517, 5, 3, 1, '120.5339', '2015-06-12', '2015-06-12 08:00:06', '2015-06-12 08:00:06'),
(1518, 5, 1, 4, '109.1273', '2015-06-12', '2015-06-12 08:00:06', '2015-06-12 08:00:06'),
(1519, 5, 2, 4, '120.6143', '2015-06-12', '2015-06-12 08:00:06', '2015-06-12 08:00:06'),
(1520, 5, 3, 4, '114.8708', '2015-06-12', '2015-06-12 08:00:06', '2015-06-12 08:00:06'),
(1521, 6, 3, 2, '0.0083', '2015-06-12', '2015-06-12 08:00:07', '2015-06-12 08:00:07'),
(1522, 6, 3, 3, '0.0087', '2015-06-12', '2015-06-12 08:00:07', '2015-06-12 08:00:07'),
(1523, 6, 3, 5, '0.9538', '2015-06-12', '2015-06-12 08:00:08', '2015-06-12 08:00:08'),
(1524, 6, 3, 6, '1.0486', '2015-06-12', '2015-06-12 08:00:08', '2015-06-12 08:00:08'),
(1525, 7, 1, 1, '120.1723', '2015-06-12', '2015-06-12 08:00:08', '2015-06-12 08:00:08'),
(1526, 7, 2, 1, '120.8955', '2015-06-12', '2015-06-12 08:00:08', '2015-06-12 08:00:08'),
(1527, 7, 3, 1, '120.5339', '2015-06-12', '2015-06-12 08:00:08', '2015-06-12 08:00:08'),
(1528, 7, 1, 4, '114.5262', '2015-06-12', '2015-06-12 08:00:09', '2015-06-12 08:00:09'),
(1529, 7, 2, 4, '115.2154', '2015-06-12', '2015-06-12 08:00:09', '2015-06-12 08:00:09'),
(1530, 7, 3, 4, '114.8708', '2015-06-12', '2015-06-12 08:00:09', '2015-06-12 08:00:09'),
(1531, 2, 1, 1, '118.1232', '2015-06-13', '2015-06-13 08:00:01', '2015-06-13 08:00:01'),
(1532, 2, 2, 1, '122.9446', '2015-06-13', '2015-06-13 08:00:01', '2015-06-13 08:00:01'),
(1533, 2, 3, 1, '120.5339', '2015-06-13', '2015-06-13 08:00:01', '2015-06-13 08:00:01'),
(1534, 2, 1, 4, '110.2760', '2015-06-13', '2015-06-13 08:00:02', '2015-06-13 08:00:02'),
(1535, 2, 2, 4, '119.4656', '2015-06-13', '2015-06-13 08:00:02', '2015-06-13 08:00:02'),
(1536, 2, 3, 4, '114.8708', '2015-06-13', '2015-06-13 08:00:02', '2015-06-13 08:00:02'),
(1537, 4, 1, 1, '118.1232', '2015-06-13', '2015-06-13 08:00:02', '2015-06-13 08:00:02'),
(1538, 4, 2, 1, '124.1740', '2015-06-13', '2015-06-13 08:00:02', '2015-06-13 08:00:02'),
(1539, 4, 3, 1, '120.5339', '2015-06-13', '2015-06-13 08:00:02', '2015-06-13 08:00:02'),
(1540, 4, 1, 4, '109.1273', '2015-06-13', '2015-06-13 08:00:03', '2015-06-13 08:00:03'),
(1541, 4, 2, 4, '121.8204', '2015-06-13', '2015-06-13 08:00:03', '2015-06-13 08:00:03'),
(1542, 4, 3, 4, '114.8708', '2015-06-13', '2015-06-13 08:00:03', '2015-06-13 08:00:03'),
(1543, 5, 1, 1, '117.5206', '2015-06-13', '2015-06-13 08:00:03', '2015-06-13 08:00:03'),
(1544, 5, 2, 1, '122.9446', '2015-06-13', '2015-06-13 08:00:03', '2015-06-13 08:00:03'),
(1545, 5, 3, 1, '120.5339', '2015-06-13', '2015-06-13 08:00:03', '2015-06-13 08:00:03'),
(1546, 5, 1, 4, '109.1273', '2015-06-13', '2015-06-13 08:00:04', '2015-06-13 08:00:04'),
(1547, 5, 2, 4, '120.6143', '2015-06-13', '2015-06-13 08:00:04', '2015-06-13 08:00:04'),
(1548, 5, 3, 4, '114.8708', '2015-06-13', '2015-06-13 08:00:04', '2015-06-13 08:00:04'),
(1549, 6, 3, 2, '0.0083', '2015-06-13', '2015-06-13 08:00:04', '2015-06-13 08:00:04'),
(1550, 6, 3, 3, '0.0087', '2015-06-13', '2015-06-13 08:00:05', '2015-06-13 08:00:05'),
(1551, 6, 3, 5, '0.9570', '2015-06-13', '2015-06-13 08:00:05', '2015-06-13 08:00:05'),
(1552, 6, 3, 6, '1.0450', '2015-06-13', '2015-06-13 08:00:05', '2015-06-13 08:00:05'),
(1553, 7, 1, 1, '120.1723', '2015-06-13', '2015-06-13 08:00:05', '2015-06-13 08:00:05'),
(1554, 7, 2, 1, '120.8955', '2015-06-13', '2015-06-13 08:00:05', '2015-06-13 08:00:05'),
(1555, 7, 3, 1, '120.5339', '2015-06-13', '2015-06-13 08:00:05', '2015-06-13 08:00:05'),
(1556, 7, 1, 4, '114.5262', '2015-06-13', '2015-06-13 08:00:06', '2015-06-13 08:00:06'),
(1557, 7, 2, 4, '115.2154', '2015-06-13', '2015-06-13 08:00:06', '2015-06-13 08:00:06'),
(1558, 7, 3, 4, '114.8708', '2015-06-13', '2015-06-13 08:00:06', '2015-06-13 08:00:06'),
(1559, 2, 1, 1, '118.1232', '2015-06-14', '2015-06-14 08:00:01', '2015-06-14 08:00:01'),
(1560, 2, 2, 1, '122.9446', '2015-06-14', '2015-06-14 08:00:02', '2015-06-14 08:00:02'),
(1561, 2, 3, 1, '120.5339', '2015-06-14', '2015-06-14 08:00:04', '2015-06-14 08:00:04'),
(1562, 2, 1, 4, '110.2760', '2015-06-14', '2015-06-14 08:00:04', '2015-06-14 08:00:04'),
(1563, 2, 2, 4, '119.4656', '2015-06-14', '2015-06-14 08:00:04', '2015-06-14 08:00:04'),
(1564, 2, 3, 4, '114.8708', '2015-06-14', '2015-06-14 08:00:04', '2015-06-14 08:00:04'),
(1565, 4, 1, 1, '118.1232', '2015-06-14', '2015-06-14 08:00:05', '2015-06-14 08:00:05'),
(1566, 4, 2, 1, '124.1740', '2015-06-14', '2015-06-14 08:00:05', '2015-06-14 08:00:05'),
(1567, 4, 3, 1, '120.5339', '2015-06-14', '2015-06-14 08:00:05', '2015-06-14 08:00:05'),
(1568, 4, 1, 4, '109.1273', '2015-06-14', '2015-06-14 08:00:06', '2015-06-14 08:00:06'),
(1569, 4, 2, 4, '121.8204', '2015-06-14', '2015-06-14 08:00:06', '2015-06-14 08:00:06'),
(1570, 4, 3, 4, '114.8708', '2015-06-14', '2015-06-14 08:00:06', '2015-06-14 08:00:06'),
(1571, 5, 1, 1, '117.5206', '2015-06-14', '2015-06-14 08:00:07', '2015-06-14 08:00:07'),
(1572, 5, 2, 1, '122.9446', '2015-06-14', '2015-06-14 08:00:07', '2015-06-14 08:00:07'),
(1573, 5, 3, 1, '120.5339', '2015-06-14', '2015-06-14 08:00:07', '2015-06-14 08:00:07'),
(1574, 5, 1, 4, '109.1273', '2015-06-14', '2015-06-14 08:00:07', '2015-06-14 08:00:07'),
(1575, 5, 2, 4, '120.6143', '2015-06-14', '2015-06-14 08:00:07', '2015-06-14 08:00:07'),
(1576, 5, 3, 4, '114.8708', '2015-06-14', '2015-06-14 08:00:07', '2015-06-14 08:00:07'),
(1577, 6, 3, 2, '0.0083', '2015-06-14', '2015-06-14 08:00:08', '2015-06-14 08:00:08'),
(1578, 6, 3, 3, '0.0087', '2015-06-14', '2015-06-14 08:00:09', '2015-06-14 08:00:09'),
(1579, 6, 3, 5, '0.9570', '2015-06-14', '2015-06-14 08:00:09', '2015-06-14 08:00:09'),
(1580, 6, 3, 6, '1.0450', '2015-06-14', '2015-06-14 08:00:09', '2015-06-14 08:00:09'),
(1581, 7, 1, 1, '120.1723', '2015-06-14', '2015-06-14 08:00:10', '2015-06-14 08:00:10'),
(1582, 7, 2, 1, '120.8955', '2015-06-14', '2015-06-14 08:00:10', '2015-06-14 08:00:10'),
(1583, 7, 3, 1, '120.5339', '2015-06-14', '2015-06-14 08:00:10', '2015-06-14 08:00:10'),
(1584, 7, 1, 4, '114.5262', '2015-06-14', '2015-06-14 08:00:10', '2015-06-14 08:00:10'),
(1585, 7, 2, 4, '115.2154', '2015-06-14', '2015-06-14 08:00:10', '2015-06-14 08:00:10'),
(1586, 7, 3, 4, '114.8708', '2015-06-14', '2015-06-14 08:00:10', '2015-06-14 08:00:10'),
(1587, 2, 1, 1, '117.9969', '2015-06-15', '2015-06-15 08:00:02', '2015-06-15 08:00:02'),
(1588, 2, 2, 1, '122.8131', '2015-06-15', '2015-06-15 08:00:04', '2015-06-15 08:00:04'),
(1589, 2, 3, 1, '120.4050', '2015-06-15', '2015-06-15 08:00:10', '2015-06-15 08:00:10'),
(1590, 2, 1, 4, '110.6431', '2015-06-15', '2015-06-15 08:00:17', '2015-06-15 08:00:17'),
(1591, 2, 2, 4, '119.8633', '2015-06-15', '2015-06-15 08:00:18', '2015-06-15 08:00:18'),
(1592, 2, 3, 4, '115.2532', '2015-06-15', '2015-06-15 08:00:19', '2015-06-15 08:00:19'),
(1593, 4, 1, 1, '117.9969', '2015-06-15', '2015-06-15 08:00:20', '2015-06-15 08:00:20'),
(1594, 4, 2, 1, '124.0412', '2015-06-15', '2015-06-15 08:00:22', '2015-06-15 08:00:22'),
(1595, 4, 3, 1, '120.4050', '2015-06-15', '2015-06-15 08:00:23', '2015-06-15 08:00:23'),
(1596, 4, 1, 4, '109.4905', '2015-06-15', '2015-06-15 08:00:26', '2015-06-15 08:00:26'),
(1597, 4, 2, 4, '122.2261', '2015-06-15', '2015-06-15 08:00:27', '2015-06-15 08:00:27'),
(1598, 4, 3, 4, '115.2532', '2015-06-15', '2015-06-15 08:00:28', '2015-06-15 08:00:28'),
(1599, 5, 1, 1, '117.3949', '2015-06-15', '2015-06-15 08:00:30', '2015-06-15 08:00:30'),
(1600, 5, 2, 1, '122.8131', '2015-06-15', '2015-06-15 08:00:31', '2015-06-15 08:00:31'),
(1601, 5, 3, 1, '120.4050', '2015-06-15', '2015-06-15 08:00:32', '2015-06-15 08:00:32'),
(1602, 5, 1, 4, '109.4905', '2015-06-15', '2015-06-15 08:00:32', '2015-06-15 08:00:32'),
(1603, 5, 2, 4, '121.0159', '2015-06-15', '2015-06-15 08:00:33', '2015-06-15 08:00:33'),
(1604, 5, 3, 4, '115.2532', '2015-06-15', '2015-06-15 08:00:35', '2015-06-15 08:00:35'),
(1605, 6, 3, 2, '0.0083', '2015-06-15', '2015-06-15 08:00:36', '2015-06-15 08:00:36'),
(1606, 6, 3, 3, '0.0087', '2015-06-15', '2015-06-15 08:00:37', '2015-06-15 08:00:37'),
(1607, 6, 3, 5, '0.9559', '2015-06-15', '2015-06-15 08:00:37', '2015-06-15 08:00:37'),
(1608, 6, 3, 6, '1.0461', '2015-06-15', '2015-06-15 08:00:38', '2015-06-15 08:00:38'),
(1609, 7, 1, 1, '120.0438', '2015-06-15', '2015-06-15 08:00:38', '2015-06-15 08:00:38'),
(1610, 7, 2, 1, '120.7662', '2015-06-15', '2015-06-15 08:00:39', '2015-06-15 08:00:39'),
(1611, 7, 3, 1, '120.4050', '2015-06-15', '2015-06-15 08:00:39', '2015-06-15 08:00:39'),
(1612, 7, 1, 4, '114.9074', '2015-06-15', '2015-06-15 08:00:39', '2015-06-15 08:00:39'),
(1613, 7, 2, 4, '115.5990', '2015-06-15', '2015-06-15 08:00:39', '2015-06-15 08:00:39'),
(1614, 7, 3, 4, '115.2532', '2015-06-15', '2015-06-15 08:00:40', '2015-06-15 08:00:40'),
(1615, 2, 1, 1, '118.1532', '2015-06-17', '2015-06-17 08:00:02', '2015-06-17 08:00:02'),
(1616, 2, 2, 1, '122.9758', '2015-06-17', '2015-06-17 08:00:03', '2015-06-17 08:00:03'),
(1617, 2, 3, 1, '120.5645', '2015-06-17', '2015-06-17 08:00:04', '2015-06-17 08:00:04'),
(1618, 2, 1, 4, '110.3565', '2015-06-17', '2015-06-17 08:00:22', '2015-06-17 08:00:22'),
(1619, 2, 2, 4, '119.5529', '2015-06-17', '2015-06-17 08:00:23', '2015-06-17 08:00:23'),
(1620, 2, 3, 4, '114.9547', '2015-06-17', '2015-06-17 08:00:23', '2015-06-17 08:00:23'),
(1621, 4, 1, 1, '118.1532', '2015-06-17', '2015-06-17 08:00:25', '2015-06-17 08:00:25'),
(1622, 4, 2, 1, '124.2056', '2015-06-17', '2015-06-17 08:00:26', '2015-06-17 08:00:26'),
(1623, 4, 3, 1, '120.5645', '2015-06-17', '2015-06-17 08:00:27', '2015-06-17 08:00:27'),
(1624, 4, 1, 4, '109.2070', '2015-06-17', '2015-06-17 08:00:28', '2015-06-17 08:00:28'),
(1625, 4, 2, 4, '121.9094', '2015-06-17', '2015-06-17 08:00:28', '2015-06-17 08:00:28'),
(1626, 4, 3, 4, '114.9547', '2015-06-17', '2015-06-17 08:00:29', '2015-06-17 08:00:29'),
(1627, 5, 1, 1, '117.5504', '2015-06-17', '2015-06-17 08:00:30', '2015-06-17 08:00:30'),
(1628, 5, 2, 1, '122.9758', '2015-06-17', '2015-06-17 08:00:31', '2015-06-17 08:00:31'),
(1629, 5, 3, 1, '120.5645', '2015-06-17', '2015-06-17 08:00:32', '2015-06-17 08:00:32'),
(1630, 5, 1, 4, '109.2070', '2015-06-17', '2015-06-17 08:00:32', '2015-06-17 08:00:32'),
(1631, 5, 2, 4, '120.7024', '2015-06-17', '2015-06-17 08:00:32', '2015-06-17 08:00:32'),
(1632, 5, 3, 4, '114.9547', '2015-06-17', '2015-06-17 08:00:34', '2015-06-17 08:00:34'),
(1633, 6, 3, 2, '0.0083', '2015-06-17', '2015-06-17 08:00:36', '2015-06-17 08:00:36'),
(1634, 6, 3, 3, '0.0086', '2015-06-17', '2015-06-17 08:00:37', '2015-06-17 08:00:37'),
(1635, 6, 3, 5, '0.9588', '2015-06-17', '2015-06-17 08:00:38', '2015-06-17 08:00:38'),
(1636, 6, 3, 6, '1.0434', '2015-06-17', '2015-06-17 08:00:39', '2015-06-17 08:00:39'),
(1637, 7, 1, 1, '120.2028', '2015-06-17', '2015-06-17 08:00:39', '2015-06-17 08:00:39'),
(1638, 7, 2, 1, '120.9262', '2015-06-17', '2015-06-17 08:00:40', '2015-06-17 08:00:40'),
(1639, 7, 3, 1, '120.5645', '2015-06-17', '2015-06-17 08:00:40', '2015-06-17 08:00:40'),
(1640, 7, 1, 4, '114.6098', '2015-06-17', '2015-06-17 08:00:40', '2015-06-17 08:00:40'),
(1641, 7, 2, 4, '115.2996', '2015-06-17', '2015-06-17 08:00:41', '2015-06-17 08:00:41'),
(1642, 7, 3, 4, '114.9547', '2015-06-17', '2015-06-17 08:00:42', '2015-06-17 08:00:42'),
(1643, 2, 1, 1, '118.1671', '2015-06-18', '2015-06-18 08:00:02', '2015-06-18 08:00:02'),
(1644, 2, 2, 1, '122.9903', '2015-06-18', '2015-06-18 08:00:02', '2015-06-18 08:00:02'),
(1645, 2, 3, 1, '120.5787', '2015-06-18', '2015-06-18 08:00:02', '2015-06-18 08:00:02'),
(1646, 2, 1, 4, '110.6226', '2015-06-18', '2015-06-18 08:00:02', '2015-06-18 08:00:02'),
(1647, 2, 2, 4, '119.8412', '2015-06-18', '2015-06-18 08:00:03', '2015-06-18 08:00:03'),
(1648, 2, 3, 4, '115.2319', '2015-06-18', '2015-06-18 08:00:03', '2015-06-18 08:00:03'),
(1649, 4, 1, 1, '118.1671', '2015-06-18', '2015-06-18 08:00:03', '2015-06-18 08:00:03'),
(1650, 4, 2, 1, '124.2202', '2015-06-18', '2015-06-18 08:00:03', '2015-06-18 08:00:03'),
(1651, 4, 3, 1, '120.5787', '2015-06-18', '2015-06-18 08:00:03', '2015-06-18 08:00:03'),
(1652, 4, 1, 4, '109.4703', '2015-06-18', '2015-06-18 08:00:04', '2015-06-18 08:00:04'),
(1653, 4, 2, 4, '122.2034', '2015-06-18', '2015-06-18 08:00:04', '2015-06-18 08:00:04'),
(1654, 4, 3, 4, '115.2319', '2015-06-18', '2015-06-18 08:00:04', '2015-06-18 08:00:04'),
(1655, 5, 1, 1, '117.5642', '2015-06-18', '2015-06-18 08:00:04', '2015-06-18 08:00:04'),
(1656, 5, 2, 1, '122.9903', '2015-06-18', '2015-06-18 08:00:04', '2015-06-18 08:00:04'),
(1657, 5, 3, 1, '120.5787', '2015-06-18', '2015-06-18 08:00:04', '2015-06-18 08:00:04'),
(1658, 5, 1, 4, '109.4703', '2015-06-18', '2015-06-18 08:00:04', '2015-06-18 08:00:04'),
(1659, 5, 2, 4, '120.9935', '2015-06-18', '2015-06-18 08:00:04', '2015-06-18 08:00:04'),
(1660, 5, 3, 4, '115.2319', '2015-06-18', '2015-06-18 08:00:04', '2015-06-18 08:00:04'),
(1661, 6, 3, 2, '0.0083', '2015-06-18', '2015-06-18 08:00:05', '2015-06-18 08:00:05'),
(1662, 6, 3, 3, '0.0087', '2015-06-18', '2015-06-18 08:00:05', '2015-06-18 08:00:05'),
(1663, 6, 3, 5, '0.9561', '2015-06-18', '2015-06-18 08:00:05', '2015-06-18 08:00:05'),
(1664, 6, 3, 6, '1.0460', '2015-06-18', '2015-06-18 08:00:05', '2015-06-18 08:00:05'),
(1665, 7, 1, 1, '120.2170', '2015-06-18', '2015-06-18 08:00:06', '2015-06-18 08:00:06'),
(1666, 7, 2, 1, '120.9404', '2015-06-18', '2015-06-18 08:00:06', '2015-06-18 08:00:06'),
(1667, 7, 3, 1, '120.5787', '2015-06-18', '2015-06-18 08:00:06', '2015-06-18 08:00:06'),
(1668, 7, 1, 4, '114.8862', '2015-06-18', '2015-06-18 08:00:06', '2015-06-18 08:00:06'),
(1669, 7, 2, 4, '115.5776', '2015-06-18', '2015-06-18 08:00:06', '2015-06-18 08:00:06'),
(1670, 7, 3, 4, '115.2319', '2015-06-18', '2015-06-18 08:00:06', '2015-06-18 08:00:06'),
(1671, 2, 1, 1, '118.1754', '2015-06-19', '2015-06-19 08:00:02', '2015-06-19 08:00:02'),
(1672, 2, 2, 1, '122.9988', '2015-06-19', '2015-06-19 08:00:04', '2015-06-19 08:00:04'),
(1673, 2, 3, 1, '120.5871', '2015-06-19', '2015-06-19 08:00:35', '2015-06-19 08:00:35'),
(1674, 2, 1, 4, '110.5564', '2015-06-19', '2015-06-19 08:00:36', '2015-06-19 08:00:36'),
(1675, 2, 2, 4, '119.7694', '2015-06-19', '2015-06-19 08:00:37', '2015-06-19 08:00:37'),
(1676, 2, 3, 4, '115.1629', '2015-06-19', '2015-06-19 08:00:37', '2015-06-19 08:00:37'),
(1677, 4, 1, 1, '118.1754', '2015-06-19', '2015-06-19 08:00:37', '2015-06-19 08:00:37'),
(1678, 4, 2, 1, '124.2288', '2015-06-19', '2015-06-19 08:00:38', '2015-06-19 08:00:38'),
(1679, 4, 3, 1, '120.5871', '2015-06-19', '2015-06-19 08:00:38', '2015-06-19 08:00:38'),
(1680, 4, 1, 4, '109.4048', '2015-06-19', '2015-06-19 08:00:38', '2015-06-19 08:00:38'),
(1681, 4, 2, 4, '122.1302', '2015-06-19', '2015-06-19 08:00:38', '2015-06-19 08:00:38'),
(1682, 4, 3, 4, '115.1629', '2015-06-19', '2015-06-19 08:00:39', '2015-06-19 08:00:39'),
(1683, 5, 1, 1, '117.5724', '2015-06-19', '2015-06-19 08:00:40', '2015-06-19 08:00:40'),
(1684, 5, 2, 1, '122.9988', '2015-06-19', '2015-06-19 08:00:40', '2015-06-19 08:00:40'),
(1685, 5, 3, 1, '120.5871', '2015-06-19', '2015-06-19 08:00:40', '2015-06-19 08:00:40'),
(1686, 5, 1, 4, '109.4048', '2015-06-19', '2015-06-19 08:00:41', '2015-06-19 08:00:41'),
(1687, 5, 2, 4, '120.9210', '2015-06-19', '2015-06-19 08:00:41', '2015-06-19 08:00:41'),
(1688, 5, 3, 4, '115.1629', '2015-06-19', '2015-06-19 08:00:41', '2015-06-19 08:00:41'),
(1689, 6, 3, 2, '0.0083', '2015-06-19', '2015-06-19 08:00:42', '2015-06-19 08:00:42'),
(1690, 6, 3, 3, '0.0087', '2015-06-19', '2015-06-19 08:00:43', '2015-06-19 08:00:43'),
(1691, 6, 3, 5, '0.9570', '2015-06-19', '2015-06-19 08:00:43', '2015-06-19 08:00:43'),
(1692, 6, 3, 6, '1.0452', '2015-06-19', '2015-06-19 08:00:43', '2015-06-19 08:00:43'),
(1693, 7, 1, 1, '120.2253', '2015-06-19', '2015-06-19 08:00:44', '2015-06-19 08:00:44'),
(1694, 7, 2, 1, '120.9489', '2015-06-19', '2015-06-19 08:00:44', '2015-06-19 08:00:44'),
(1695, 7, 3, 1, '120.5871', '2015-06-19', '2015-06-19 08:00:44', '2015-06-19 08:00:44'),
(1696, 7, 1, 4, '114.8174', '2015-06-19', '2015-06-19 08:00:44', '2015-06-19 08:00:44'),
(1697, 7, 2, 4, '115.5084', '2015-06-19', '2015-06-19 08:00:45', '2015-06-19 08:00:45'),
(1698, 7, 3, 4, '115.1629', '2015-06-19', '2015-06-19 08:00:45', '2015-06-19 08:00:45'),
(1699, 2, 1, 1, '118.1754', '2015-06-20', '2015-06-20 08:00:01', '2015-06-20 08:00:01'),
(1700, 2, 2, 1, '122.9988', '2015-06-20', '2015-06-20 08:00:02', '2015-06-20 08:00:02'),
(1701, 2, 3, 1, '120.5871', '2015-06-20', '2015-06-20 08:00:02', '2015-06-20 08:00:02'),
(1702, 2, 1, 4, '110.5564', '2015-06-20', '2015-06-20 08:00:02', '2015-06-20 08:00:02'),
(1703, 2, 2, 4, '119.7694', '2015-06-20', '2015-06-20 08:00:02', '2015-06-20 08:00:02'),
(1704, 2, 3, 4, '115.1629', '2015-06-20', '2015-06-20 08:00:02', '2015-06-20 08:00:02'),
(1705, 4, 1, 1, '118.1754', '2015-06-20', '2015-06-20 08:00:03', '2015-06-20 08:00:03'),
(1706, 4, 2, 1, '124.2288', '2015-06-20', '2015-06-20 08:00:03', '2015-06-20 08:00:03'),
(1707, 4, 3, 1, '120.5871', '2015-06-20', '2015-06-20 08:00:03', '2015-06-20 08:00:03'),
(1708, 4, 1, 4, '109.4048', '2015-06-20', '2015-06-20 08:00:03', '2015-06-20 08:00:03'),
(1709, 4, 2, 4, '122.1302', '2015-06-20', '2015-06-20 08:00:03', '2015-06-20 08:00:03'),
(1710, 4, 3, 4, '115.1629', '2015-06-20', '2015-06-20 08:00:03', '2015-06-20 08:00:03'),
(1711, 5, 1, 1, '117.5724', '2015-06-20', '2015-06-20 08:00:04', '2015-06-20 08:00:04'),
(1712, 5, 2, 1, '122.9988', '2015-06-20', '2015-06-20 08:00:04', '2015-06-20 08:00:04'),
(1713, 5, 3, 1, '120.5871', '2015-06-20', '2015-06-20 08:00:04', '2015-06-20 08:00:04'),
(1714, 5, 1, 4, '109.4048', '2015-06-20', '2015-06-20 08:00:04', '2015-06-20 08:00:04'),
(1715, 5, 2, 4, '120.9210', '2015-06-20', '2015-06-20 08:00:04', '2015-06-20 08:00:04'),
(1716, 5, 3, 4, '115.1629', '2015-06-20', '2015-06-20 08:00:04', '2015-06-20 08:00:04'),
(1717, 6, 3, 2, '0.0083', '2015-06-20', '2015-06-20 08:00:04', '2015-06-20 08:00:04'),
(1718, 6, 3, 3, '0.0086', '2015-06-20', '2015-06-20 08:00:04', '2015-06-20 08:00:04'),
(1719, 6, 3, 5, '0.9598', '2015-06-20', '2015-06-20 08:00:05', '2015-06-20 08:00:05'),
(1720, 6, 3, 6, '1.0419', '2015-06-20', '2015-06-20 08:00:05', '2015-06-20 08:00:05'),
(1721, 7, 1, 1, '120.2253', '2015-06-20', '2015-06-20 08:00:05', '2015-06-20 08:00:05'),
(1722, 7, 2, 1, '120.9489', '2015-06-20', '2015-06-20 08:00:05', '2015-06-20 08:00:05'),
(1723, 7, 3, 1, '120.5871', '2015-06-20', '2015-06-20 08:00:05', '2015-06-20 08:00:05'),
(1724, 7, 1, 4, '114.8174', '2015-06-20', '2015-06-20 08:00:05', '2015-06-20 08:00:05'),
(1725, 7, 2, 4, '115.5084', '2015-06-20', '2015-06-20 08:00:05', '2015-06-20 08:00:05'),
(1726, 7, 3, 4, '115.1629', '2015-06-20', '2015-06-20 08:00:06', '2015-06-20 08:00:06'),
(1727, 2, 1, 1, '118.1754', '2015-06-21', '2015-06-21 08:00:02', '2015-06-21 08:00:02'),
(1728, 2, 2, 1, '122.9988', '2015-06-21', '2015-06-21 08:00:03', '2015-06-21 08:00:03'),
(1729, 2, 3, 1, '120.5871', '2015-06-21', '2015-06-21 08:00:03', '2015-06-21 08:00:03'),
(1730, 2, 1, 4, '110.5564', '2015-06-21', '2015-06-21 08:00:03', '2015-06-21 08:00:03'),
(1731, 2, 2, 4, '119.7694', '2015-06-21', '2015-06-21 08:00:04', '2015-06-21 08:00:04'),
(1732, 2, 3, 4, '115.1629', '2015-06-21', '2015-06-21 08:00:04', '2015-06-21 08:00:04'),
(1733, 4, 1, 1, '118.1754', '2015-06-21', '2015-06-21 08:00:04', '2015-06-21 08:00:04'),
(1734, 4, 2, 1, '124.2288', '2015-06-21', '2015-06-21 08:00:04', '2015-06-21 08:00:04'),
(1735, 4, 3, 1, '120.5871', '2015-06-21', '2015-06-21 08:00:04', '2015-06-21 08:00:04'),
(1736, 4, 1, 4, '109.4048', '2015-06-21', '2015-06-21 08:00:05', '2015-06-21 08:00:05'),
(1737, 4, 2, 4, '122.1302', '2015-06-21', '2015-06-21 08:00:05', '2015-06-21 08:00:05'),
(1738, 4, 3, 4, '115.1629', '2015-06-21', '2015-06-21 08:00:05', '2015-06-21 08:00:05');
INSERT INTO `rates` (`id`, `provider_id`, `type_id`, `pair_id`, `rate`, `date`, `created_at`, `updated_at`) VALUES
(1739, 5, 1, 1, '117.5724', '2015-06-21', '2015-06-21 08:00:05', '2015-06-21 08:00:05'),
(1740, 5, 2, 1, '122.9988', '2015-06-21', '2015-06-21 08:00:06', '2015-06-21 08:00:06'),
(1741, 5, 3, 1, '120.5871', '2015-06-21', '2015-06-21 08:00:06', '2015-06-21 08:00:06'),
(1742, 5, 1, 4, '109.4048', '2015-06-21', '2015-06-21 08:00:06', '2015-06-21 08:00:06'),
(1743, 5, 2, 4, '120.9210', '2015-06-21', '2015-06-21 08:00:06', '2015-06-21 08:00:06'),
(1744, 5, 3, 4, '115.1629', '2015-06-21', '2015-06-21 08:00:06', '2015-06-21 08:00:06'),
(1745, 6, 3, 2, '0.0083', '2015-06-21', '2015-06-21 08:00:06', '2015-06-21 08:00:06'),
(1746, 6, 3, 3, '0.0086', '2015-06-21', '2015-06-21 08:00:06', '2015-06-21 08:00:06'),
(1747, 6, 3, 5, '0.9598', '2015-06-21', '2015-06-21 08:00:06', '2015-06-21 08:00:06'),
(1748, 6, 3, 6, '1.0419', '2015-06-21', '2015-06-21 08:00:07', '2015-06-21 08:00:07'),
(1749, 7, 1, 1, '120.2253', '2015-06-21', '2015-06-21 08:00:07', '2015-06-21 08:00:07'),
(1750, 7, 2, 1, '120.9489', '2015-06-21', '2015-06-21 08:00:07', '2015-06-21 08:00:07'),
(1751, 7, 3, 1, '120.5871', '2015-06-21', '2015-06-21 08:00:07', '2015-06-21 08:00:07'),
(1752, 7, 1, 4, '114.8174', '2015-06-21', '2015-06-21 08:00:07', '2015-06-21 08:00:07'),
(1753, 7, 2, 4, '115.5084', '2015-06-21', '2015-06-21 08:00:07', '2015-06-21 08:00:07'),
(1754, 7, 3, 4, '115.1629', '2015-06-21', '2015-06-21 08:00:07', '2015-06-21 08:00:07'),
(1755, 2, 1, 1, '118.1603', '2015-06-22', '2015-06-22 08:00:01', '2015-06-22 08:00:01'),
(1756, 2, 2, 1, '122.9831', '2015-06-22', '2015-06-22 08:00:02', '2015-06-22 08:00:02'),
(1757, 2, 3, 1, '120.5717', '2015-06-22', '2015-06-22 08:00:04', '2015-06-22 08:00:04'),
(1758, 2, 1, 4, '110.7114', '2015-06-22', '2015-06-22 08:00:19', '2015-06-22 08:00:19'),
(1759, 2, 2, 4, '119.9374', '2015-06-22', '2015-06-22 08:00:23', '2015-06-22 08:00:23'),
(1760, 2, 3, 4, '115.3244', '2015-06-22', '2015-06-22 08:00:26', '2015-06-22 08:00:26'),
(1761, 4, 1, 1, '118.1603', '2015-06-22', '2015-06-22 08:00:29', '2015-06-22 08:00:29'),
(1762, 4, 2, 1, '124.2129', '2015-06-22', '2015-06-22 08:00:34', '2015-06-22 08:00:34'),
(1763, 4, 3, 1, '120.5717', '2015-06-22', '2015-06-22 08:00:35', '2015-06-22 08:00:35'),
(1764, 4, 1, 4, '109.5582', '2015-06-22', '2015-06-22 08:00:36', '2015-06-22 08:00:36'),
(1765, 4, 2, 4, '122.3015', '2015-06-22', '2015-06-22 08:00:38', '2015-06-22 08:00:38'),
(1766, 4, 3, 4, '115.3244', '2015-06-22', '2015-06-22 08:00:39', '2015-06-22 08:00:39'),
(1767, 5, 1, 1, '117.5574', '2015-06-22', '2015-06-22 08:00:40', '2015-06-22 08:00:40'),
(1768, 5, 2, 1, '122.9831', '2015-06-22', '2015-06-22 08:00:41', '2015-06-22 08:00:41'),
(1769, 5, 3, 1, '120.5717', '2015-06-22', '2015-06-22 08:00:42', '2015-06-22 08:00:42'),
(1770, 5, 1, 4, '109.5582', '2015-06-22', '2015-06-22 08:00:43', '2015-06-22 08:00:43'),
(1771, 5, 2, 4, '121.0906', '2015-06-22', '2015-06-22 08:00:45', '2015-06-22 08:00:45'),
(1772, 5, 3, 4, '115.3244', '2015-06-22', '2015-06-22 08:00:45', '2015-06-22 08:00:45'),
(1773, 6, 3, 2, '0.0083', '2015-06-22', '2015-06-22 08:00:47', '2015-06-22 08:00:47'),
(1774, 6, 3, 3, '0.0087', '2015-06-22', '2015-06-22 08:00:48', '2015-06-22 08:00:48'),
(1775, 6, 3, 5, '0.9596', '2015-06-22', '2015-06-22 08:00:49', '2015-06-22 08:00:49'),
(1776, 6, 3, 6, '1.0429', '2015-06-22', '2015-06-22 08:00:51', '2015-06-22 08:00:51'),
(1777, 7, 1, 1, '120.2100', '2015-06-22', '2015-06-22 08:00:53', '2015-06-22 08:00:53'),
(1778, 7, 2, 1, '120.9334', '2015-06-22', '2015-06-22 08:00:56', '2015-06-22 08:00:56'),
(1779, 7, 3, 1, '120.5717', '2015-06-22', '2015-06-22 08:01:00', '2015-06-22 08:01:00'),
(1780, 7, 1, 4, '114.9784', '2015-06-22', '2015-06-22 08:01:05', '2015-06-22 08:01:05'),
(1781, 7, 2, 4, '115.6704', '2015-06-22', '2015-06-22 08:01:17', '2015-06-22 08:01:17'),
(1782, 7, 3, 4, '115.3244', '2015-06-22', '2015-06-22 08:01:19', '2015-06-22 08:01:19'),
(1783, 2, 1, 1, '118.3026', '2015-06-23', '2015-06-23 08:00:02', '2015-06-23 08:00:02'),
(1784, 2, 2, 1, '123.1312', '2015-06-23', '2015-06-23 08:00:03', '2015-06-23 08:00:03'),
(1785, 2, 3, 1, '120.7169', '2015-06-23', '2015-06-23 08:00:04', '2015-06-23 08:00:04'),
(1786, 2, 1, 4, '110.8130', '2015-06-23', '2015-06-23 08:00:04', '2015-06-23 08:00:04'),
(1787, 2, 2, 4, '120.0474', '2015-06-23', '2015-06-23 08:00:04', '2015-06-23 08:00:04'),
(1788, 2, 3, 4, '115.4302', '2015-06-23', '2015-06-23 08:00:05', '2015-06-23 08:00:05'),
(1789, 4, 1, 1, '118.3026', '2015-06-23', '2015-06-23 08:00:05', '2015-06-23 08:00:05'),
(1790, 4, 2, 1, '124.3625', '2015-06-23', '2015-06-23 08:00:05', '2015-06-23 08:00:05'),
(1791, 4, 3, 1, '120.7169', '2015-06-23', '2015-06-23 08:00:05', '2015-06-23 08:00:05'),
(1792, 4, 1, 4, '109.6587', '2015-06-23', '2015-06-23 08:00:07', '2015-06-23 08:00:07'),
(1793, 4, 2, 4, '122.4137', '2015-06-23', '2015-06-23 08:00:07', '2015-06-23 08:00:07'),
(1794, 4, 3, 4, '115.4302', '2015-06-23', '2015-06-23 08:00:07', '2015-06-23 08:00:07'),
(1795, 5, 1, 1, '117.6990', '2015-06-23', '2015-06-23 08:00:07', '2015-06-23 08:00:07'),
(1796, 5, 2, 1, '123.1312', '2015-06-23', '2015-06-23 08:00:07', '2015-06-23 08:00:07'),
(1797, 5, 3, 1, '120.7169', '2015-06-23', '2015-06-23 08:00:07', '2015-06-23 08:00:07'),
(1798, 5, 1, 4, '109.6587', '2015-06-23', '2015-06-23 08:00:08', '2015-06-23 08:00:08'),
(1799, 5, 2, 4, '121.2017', '2015-06-23', '2015-06-23 08:00:08', '2015-06-23 08:00:08'),
(1800, 5, 3, 4, '115.4302', '2015-06-23', '2015-06-23 08:00:08', '2015-06-23 08:00:08'),
(1801, 6, 3, 2, '0.0083', '2015-06-23', '2015-06-23 08:00:08', '2015-06-23 08:00:08'),
(1802, 6, 3, 3, '0.0087', '2015-06-23', '2015-06-23 08:00:09', '2015-06-23 08:00:09'),
(1803, 6, 3, 5, '0.9577', '2015-06-23', '2015-06-23 08:00:09', '2015-06-23 08:00:09'),
(1804, 6, 3, 6, '1.0443', '2015-06-23', '2015-06-23 08:00:09', '2015-06-23 08:00:09'),
(1805, 7, 1, 1, '120.3547', '2015-06-23', '2015-06-23 08:00:09', '2015-06-23 08:00:09'),
(1806, 7, 2, 1, '121.0791', '2015-06-23', '2015-06-23 08:00:09', '2015-06-23 08:00:09'),
(1807, 7, 3, 1, '120.7169', '2015-06-23', '2015-06-23 08:00:09', '2015-06-23 08:00:09'),
(1808, 7, 1, 4, '115.0839', '2015-06-23', '2015-06-23 08:00:10', '2015-06-23 08:00:10'),
(1809, 7, 2, 4, '115.7765', '2015-06-23', '2015-06-23 08:00:10', '2015-06-23 08:00:10'),
(1810, 7, 3, 4, '115.4302', '2015-06-23', '2015-06-23 08:00:10', '2015-06-23 08:00:10'),
(1811, 2, 1, 1, '118.0888', '2015-06-24', '2015-06-24 08:00:01', '2015-06-24 08:00:01'),
(1812, 2, 2, 1, '122.9088', '2015-06-24', '2015-06-24 08:00:11', '2015-06-24 08:00:11'),
(1813, 2, 3, 1, '120.4988', '2015-06-24', '2015-06-24 08:00:15', '2015-06-24 08:00:15'),
(1814, 2, 1, 4, '110.7823', '2015-06-24', '2015-06-24 08:00:21', '2015-06-24 08:00:21'),
(1815, 2, 2, 4, '120.0141', '2015-06-24', '2015-06-24 08:00:24', '2015-06-24 08:00:24'),
(1816, 2, 3, 4, '115.3982', '2015-06-24', '2015-06-24 08:00:27', '2015-06-24 08:00:27'),
(1817, 4, 1, 1, '118.0888', '2015-06-24', '2015-06-24 08:00:29', '2015-06-24 08:00:29'),
(1818, 4, 2, 1, '124.1379', '2015-06-24', '2015-06-24 08:00:31', '2015-06-24 08:00:31'),
(1819, 4, 3, 1, '120.4988', '2015-06-24', '2015-06-24 08:00:33', '2015-06-24 08:00:33'),
(1820, 4, 1, 4, '109.6283', '2015-06-24', '2015-06-24 08:00:35', '2015-06-24 08:00:35'),
(1821, 4, 2, 4, '122.3798', '2015-06-24', '2015-06-24 08:00:38', '2015-06-24 08:00:38'),
(1822, 4, 3, 4, '115.3982', '2015-06-24', '2015-06-24 08:00:39', '2015-06-24 08:00:39'),
(1823, 5, 1, 1, '117.4863', '2015-06-24', '2015-06-24 08:00:40', '2015-06-24 08:00:40'),
(1824, 5, 2, 1, '122.9088', '2015-06-24', '2015-06-24 08:00:41', '2015-06-24 08:00:41'),
(1825, 5, 3, 1, '120.4988', '2015-06-24', '2015-06-24 08:00:42', '2015-06-24 08:00:42'),
(1826, 5, 1, 4, '109.6283', '2015-06-24', '2015-06-24 08:00:43', '2015-06-24 08:00:43'),
(1827, 5, 2, 4, '121.1681', '2015-06-24', '2015-06-24 08:00:43', '2015-06-24 08:00:43'),
(1828, 5, 3, 4, '115.3982', '2015-06-24', '2015-06-24 08:00:45', '2015-06-24 08:00:45'),
(1829, 6, 3, 2, '0.0083', '2015-06-24', '2015-06-24 08:00:48', '2015-06-24 08:00:48'),
(1830, 6, 3, 3, '0.0087', '2015-06-24', '2015-06-24 08:00:52', '2015-06-24 08:00:52'),
(1831, 6, 3, 5, '0.9580', '2015-06-24', '2015-06-24 08:00:54', '2015-06-24 08:00:54'),
(1832, 6, 3, 6, '1.0426', '2015-06-24', '2015-06-24 08:00:55', '2015-06-24 08:00:55'),
(1833, 7, 1, 1, '120.1373', '2015-06-24', '2015-06-24 08:00:56', '2015-06-24 08:00:56'),
(1834, 7, 2, 1, '120.8603', '2015-06-24', '2015-06-24 08:00:56', '2015-06-24 08:00:56'),
(1835, 7, 3, 1, '120.4988', '2015-06-24', '2015-06-24 08:00:56', '2015-06-24 08:00:56'),
(1836, 7, 1, 4, '115.0520', '2015-06-24', '2015-06-24 08:00:57', '2015-06-24 08:00:57'),
(1837, 7, 2, 4, '115.7444', '2015-06-24', '2015-06-24 08:00:57', '2015-06-24 08:00:57'),
(1838, 7, 3, 4, '115.3982', '2015-06-24', '2015-06-24 08:00:58', '2015-06-24 08:00:58'),
(1839, 2, 1, 1, '118.0133', '2015-06-25', '2015-06-25 08:00:01', '2015-06-25 08:00:01'),
(1840, 2, 2, 1, '122.8301', '2015-06-25', '2015-06-25 08:00:02', '2015-06-25 08:00:02'),
(1841, 2, 3, 1, '120.4217', '2015-06-25', '2015-06-25 08:00:02', '2015-06-25 08:00:02'),
(1842, 2, 1, 4, '110.5314', '2015-06-25', '2015-06-25 08:00:03', '2015-06-25 08:00:03'),
(1843, 2, 2, 4, '119.7424', '2015-06-25', '2015-06-25 08:00:03', '2015-06-25 08:00:03'),
(1844, 2, 3, 4, '115.1369', '2015-06-25', '2015-06-25 08:00:03', '2015-06-25 08:00:03'),
(1845, 4, 1, 1, '118.0133', '2015-06-25', '2015-06-25 08:00:04', '2015-06-25 08:00:04'),
(1846, 4, 2, 1, '124.0584', '2015-06-25', '2015-06-25 08:00:04', '2015-06-25 08:00:04'),
(1847, 4, 3, 1, '120.4217', '2015-06-25', '2015-06-25 08:00:04', '2015-06-25 08:00:04'),
(1848, 4, 1, 4, '109.3801', '2015-06-25', '2015-06-25 08:00:04', '2015-06-25 08:00:04'),
(1849, 4, 2, 4, '122.1026', '2015-06-25', '2015-06-25 08:00:05', '2015-06-25 08:00:05'),
(1850, 4, 3, 4, '115.1369', '2015-06-25', '2015-06-25 08:00:05', '2015-06-25 08:00:05'),
(1851, 5, 1, 1, '117.4112', '2015-06-25', '2015-06-25 08:00:06', '2015-06-25 08:00:06'),
(1852, 5, 2, 1, '122.8301', '2015-06-25', '2015-06-25 08:00:06', '2015-06-25 08:00:06'),
(1853, 5, 3, 1, '120.4217', '2015-06-25', '2015-06-25 08:00:06', '2015-06-25 08:00:06'),
(1854, 5, 1, 4, '109.3801', '2015-06-25', '2015-06-25 08:00:07', '2015-06-25 08:00:07'),
(1855, 5, 2, 4, '120.8937', '2015-06-25', '2015-06-25 08:00:07', '2015-06-25 08:00:07'),
(1856, 5, 3, 4, '115.1369', '2015-06-25', '2015-06-25 08:00:07', '2015-06-25 08:00:07'),
(1857, 6, 3, 2, '0.0083', '2015-06-25', '2015-06-25 08:00:08', '2015-06-25 08:00:08'),
(1858, 6, 3, 3, '0.0087', '2015-06-25', '2015-06-25 08:00:08', '2015-06-25 08:00:08'),
(1859, 6, 3, 5, '0.9546', '2015-06-25', '2015-06-25 08:00:09', '2015-06-25 08:00:09'),
(1860, 6, 3, 6, '1.0476', '2015-06-25', '2015-06-25 08:00:09', '2015-06-25 08:00:09'),
(1861, 7, 1, 1, '120.0604', '2015-06-25', '2015-06-25 08:00:09', '2015-06-25 08:00:09'),
(1862, 7, 2, 1, '120.7830', '2015-06-25', '2015-06-25 08:00:09', '2015-06-25 08:00:09'),
(1863, 7, 3, 1, '120.4217', '2015-06-25', '2015-06-25 08:00:10', '2015-06-25 08:00:10'),
(1864, 7, 1, 4, '114.7915', '2015-06-25', '2015-06-25 08:00:10', '2015-06-25 08:00:10'),
(1865, 7, 2, 4, '115.4823', '2015-06-25', '2015-06-25 08:00:10', '2015-06-25 08:00:10'),
(1866, 7, 3, 4, '115.1369', '2015-06-25', '2015-06-25 08:00:11', '2015-06-25 08:00:11'),
(1867, 2, 1, 1, '117.9770', '2015-06-26', '2015-06-26 08:00:02', '2015-06-26 08:00:02'),
(1868, 2, 2, 1, '122.7924', '2015-06-26', '2015-06-26 08:00:23', '2015-06-26 08:00:23'),
(1869, 2, 3, 1, '120.3847', '2015-06-26', '2015-06-26 08:00:25', '2015-06-26 08:00:25'),
(1870, 2, 1, 4, '110.3182', '2015-06-26', '2015-06-26 08:00:27', '2015-06-26 08:00:27'),
(1871, 2, 2, 4, '119.5114', '2015-06-26', '2015-06-26 08:00:31', '2015-06-26 08:00:31'),
(1872, 2, 3, 4, '114.9148', '2015-06-26', '2015-06-26 08:00:33', '2015-06-26 08:00:33'),
(1873, 4, 1, 1, '117.9770', '2015-06-26', '2015-06-26 08:00:33', '2015-06-26 08:00:33'),
(1874, 4, 2, 1, '124.0203', '2015-06-26', '2015-06-26 08:00:34', '2015-06-26 08:00:34'),
(1875, 4, 3, 1, '120.3847', '2015-06-26', '2015-06-26 08:00:34', '2015-06-26 08:00:34'),
(1876, 4, 1, 4, '109.1691', '2015-06-26', '2015-06-26 08:00:35', '2015-06-26 08:00:35'),
(1877, 4, 2, 4, '121.8671', '2015-06-26', '2015-06-26 08:00:36', '2015-06-26 08:00:36'),
(1878, 4, 3, 4, '114.9148', '2015-06-26', '2015-06-26 08:00:37', '2015-06-26 08:00:37'),
(1879, 5, 1, 1, '117.3751', '2015-06-26', '2015-06-26 08:00:37', '2015-06-26 08:00:37'),
(1880, 5, 2, 1, '122.7924', '2015-06-26', '2015-06-26 08:00:37', '2015-06-26 08:00:37'),
(1881, 5, 3, 1, '120.3847', '2015-06-26', '2015-06-26 08:00:39', '2015-06-26 08:00:39'),
(1882, 5, 1, 4, '109.1691', '2015-06-26', '2015-06-26 08:00:40', '2015-06-26 08:00:40'),
(1883, 5, 2, 4, '120.6605', '2015-06-26', '2015-06-26 08:00:41', '2015-06-26 08:00:41'),
(1884, 5, 3, 4, '114.9148', '2015-06-26', '2015-06-26 08:00:42', '2015-06-26 08:00:42'),
(1885, 6, 3, 2, '0.0083', '2015-06-26', '2015-06-26 08:00:43', '2015-06-26 08:00:43'),
(1886, 6, 3, 3, '0.0087', '2015-06-26', '2015-06-26 08:00:44', '2015-06-26 08:00:44'),
(1887, 6, 3, 5, '0.9558', '2015-06-26', '2015-06-26 08:00:45', '2015-06-26 08:00:45'),
(1888, 6, 3, 6, '1.0461', '2015-06-26', '2015-06-26 08:00:45', '2015-06-26 08:00:45'),
(1889, 7, 1, 1, '120.0235', '2015-06-26', '2015-06-26 08:00:46', '2015-06-26 08:00:46'),
(1890, 7, 2, 1, '120.7459', '2015-06-26', '2015-06-26 08:00:46', '2015-06-26 08:00:46'),
(1891, 7, 3, 1, '120.3847', '2015-06-26', '2015-06-26 08:00:46', '2015-06-26 08:00:46'),
(1892, 7, 1, 4, '114.5701', '2015-06-26', '2015-06-26 08:00:47', '2015-06-26 08:00:47'),
(1893, 7, 2, 4, '115.2595', '2015-06-26', '2015-06-26 08:00:47', '2015-06-26 08:00:47'),
(1894, 7, 3, 4, '114.9148', '2015-06-26', '2015-06-26 08:00:47', '2015-06-26 08:00:47'),
(1895, 2, 1, 1, '117.9770', '2015-06-27', '2015-06-27 08:00:01', '2015-06-27 08:00:01'),
(1896, 2, 2, 1, '122.7924', '2015-06-27', '2015-06-27 08:00:01', '2015-06-27 08:00:01'),
(1897, 2, 3, 1, '120.3847', '2015-06-27', '2015-06-27 08:00:02', '2015-06-27 08:00:02'),
(1898, 2, 1, 4, '110.3182', '2015-06-27', '2015-06-27 08:00:02', '2015-06-27 08:00:02'),
(1899, 2, 2, 4, '119.5114', '2015-06-27', '2015-06-27 08:00:02', '2015-06-27 08:00:02'),
(1900, 2, 3, 4, '114.9148', '2015-06-27', '2015-06-27 08:00:02', '2015-06-27 08:00:02'),
(1901, 4, 1, 1, '117.9770', '2015-06-27', '2015-06-27 08:00:03', '2015-06-27 08:00:03'),
(1902, 4, 2, 1, '124.0203', '2015-06-27', '2015-06-27 08:00:03', '2015-06-27 08:00:03'),
(1903, 4, 3, 1, '120.3847', '2015-06-27', '2015-06-27 08:00:03', '2015-06-27 08:00:03'),
(1904, 4, 1, 4, '109.1691', '2015-06-27', '2015-06-27 08:00:03', '2015-06-27 08:00:03'),
(1905, 4, 2, 4, '121.8671', '2015-06-27', '2015-06-27 08:00:03', '2015-06-27 08:00:03'),
(1906, 4, 3, 4, '114.9148', '2015-06-27', '2015-06-27 08:00:04', '2015-06-27 08:00:04'),
(1907, 5, 1, 1, '117.3751', '2015-06-27', '2015-06-27 08:00:04', '2015-06-27 08:00:04'),
(1908, 5, 2, 1, '122.7924', '2015-06-27', '2015-06-27 08:00:04', '2015-06-27 08:00:04'),
(1909, 5, 3, 1, '120.3847', '2015-06-27', '2015-06-27 08:00:04', '2015-06-27 08:00:04'),
(1910, 5, 1, 4, '109.1691', '2015-06-27', '2015-06-27 08:00:04', '2015-06-27 08:00:04'),
(1911, 5, 2, 4, '120.6605', '2015-06-27', '2015-06-27 08:00:04', '2015-06-27 08:00:04'),
(1912, 5, 3, 4, '114.9148', '2015-06-27', '2015-06-27 08:00:04', '2015-06-27 08:00:04'),
(1913, 6, 3, 2, '0.0083', '2015-06-27', '2015-06-27 08:00:05', '2015-06-27 08:00:05'),
(1914, 6, 3, 3, '0.0086', '2015-06-27', '2015-06-27 08:00:05', '2015-06-27 08:00:05'),
(1915, 6, 3, 5, '0.9592', '2015-06-27', '2015-06-27 08:00:05', '2015-06-27 08:00:05'),
(1916, 6, 3, 6, '1.0425', '2015-06-27', '2015-06-27 08:00:06', '2015-06-27 08:00:06'),
(1917, 7, 1, 1, '120.0235', '2015-06-27', '2015-06-27 08:00:06', '2015-06-27 08:00:06'),
(1918, 7, 2, 1, '120.7459', '2015-06-27', '2015-06-27 08:00:06', '2015-06-27 08:00:06'),
(1919, 7, 3, 1, '120.3847', '2015-06-27', '2015-06-27 08:00:06', '2015-06-27 08:00:06'),
(1920, 7, 1, 4, '114.5701', '2015-06-27', '2015-06-27 08:00:06', '2015-06-27 08:00:06'),
(1921, 7, 2, 4, '115.2595', '2015-06-27', '2015-06-27 08:00:06', '2015-06-27 08:00:06'),
(1922, 7, 3, 4, '114.9148', '2015-06-27', '2015-06-27 08:00:06', '2015-06-27 08:00:06'),
(1923, 2, 1, 1, '117.9770', '2015-06-28', '2015-06-28 08:00:02', '2015-06-28 08:00:02'),
(1924, 2, 2, 1, '122.7924', '2015-06-28', '2015-06-28 08:00:02', '2015-06-28 08:00:02'),
(1925, 2, 3, 1, '120.3847', '2015-06-28', '2015-06-28 08:00:03', '2015-06-28 08:00:03'),
(1926, 2, 1, 4, '110.3182', '2015-06-28', '2015-06-28 08:00:03', '2015-06-28 08:00:03'),
(1927, 2, 2, 4, '119.5114', '2015-06-28', '2015-06-28 08:00:04', '2015-06-28 08:00:04'),
(1928, 2, 3, 4, '114.9148', '2015-06-28', '2015-06-28 08:00:04', '2015-06-28 08:00:04'),
(1929, 4, 1, 1, '117.9770', '2015-06-28', '2015-06-28 08:00:05', '2015-06-28 08:00:05'),
(1930, 4, 2, 1, '124.0203', '2015-06-28', '2015-06-28 08:00:06', '2015-06-28 08:00:06'),
(1931, 4, 3, 1, '120.3847', '2015-06-28', '2015-06-28 08:00:06', '2015-06-28 08:00:06'),
(1932, 4, 1, 4, '109.1691', '2015-06-28', '2015-06-28 08:00:07', '2015-06-28 08:00:07'),
(1933, 4, 2, 4, '121.8671', '2015-06-28', '2015-06-28 08:00:07', '2015-06-28 08:00:07'),
(1934, 4, 3, 4, '114.9148', '2015-06-28', '2015-06-28 08:00:07', '2015-06-28 08:00:07'),
(1935, 5, 1, 1, '117.3751', '2015-06-28', '2015-06-28 08:00:07', '2015-06-28 08:00:07'),
(1936, 5, 2, 1, '122.7924', '2015-06-28', '2015-06-28 08:00:10', '2015-06-28 08:00:10'),
(1937, 5, 3, 1, '120.3847', '2015-06-28', '2015-06-28 08:00:11', '2015-06-28 08:00:11'),
(1938, 5, 1, 4, '109.1691', '2015-06-28', '2015-06-28 08:00:11', '2015-06-28 08:00:11'),
(1939, 5, 2, 4, '120.6605', '2015-06-28', '2015-06-28 08:00:11', '2015-06-28 08:00:11'),
(1940, 5, 3, 4, '114.9148', '2015-06-28', '2015-06-28 08:00:12', '2015-06-28 08:00:12'),
(1941, 6, 3, 2, '0.0083', '2015-06-28', '2015-06-28 08:00:12', '2015-06-28 08:00:12'),
(1942, 6, 3, 3, '0.0086', '2015-06-28', '2015-06-28 08:00:13', '2015-06-28 08:00:13'),
(1943, 6, 3, 5, '0.9592', '2015-06-28', '2015-06-28 08:00:13', '2015-06-28 08:00:13'),
(1944, 6, 3, 6, '1.0425', '2015-06-28', '2015-06-28 08:00:13', '2015-06-28 08:00:13'),
(1945, 7, 1, 1, '120.0235', '2015-06-28', '2015-06-28 08:00:14', '2015-06-28 08:00:14'),
(1946, 7, 2, 1, '120.7459', '2015-06-28', '2015-06-28 08:00:14', '2015-06-28 08:00:14'),
(1947, 7, 3, 1, '120.3847', '2015-06-28', '2015-06-28 08:00:14', '2015-06-28 08:00:14'),
(1948, 7, 1, 4, '114.5701', '2015-06-28', '2015-06-28 08:00:14', '2015-06-28 08:00:14'),
(1949, 7, 2, 4, '115.2595', '2015-06-28', '2015-06-28 08:00:15', '2015-06-28 08:00:15'),
(1950, 7, 3, 4, '114.9148', '2015-06-28', '2015-06-28 08:00:15', '2015-06-28 08:00:15'),
(1951, 2, 1, 1, '117.9020', '2015-06-29', '2015-06-29 08:00:02', '2015-06-29 08:00:02'),
(1952, 2, 2, 1, '122.7144', '2015-06-29', '2015-06-29 08:00:03', '2015-06-29 08:00:03'),
(1953, 2, 3, 1, '120.3082', '2015-06-29', '2015-06-29 08:00:07', '2015-06-29 08:00:07'),
(1954, 2, 1, 4, '111.6658', '2015-06-29', '2015-06-29 08:00:13', '2015-06-29 08:00:13'),
(1955, 2, 2, 4, '120.9712', '2015-06-29', '2015-06-29 08:00:18', '2015-06-29 08:00:18'),
(1956, 2, 3, 4, '116.3185', '2015-06-29', '2015-06-29 08:00:22', '2015-06-29 08:00:22'),
(1957, 4, 1, 1, '117.9020', '2015-06-29', '2015-06-29 08:00:29', '2015-06-29 08:00:29'),
(1958, 4, 2, 1, '123.9415', '2015-06-29', '2015-06-29 08:00:30', '2015-06-29 08:00:30'),
(1959, 4, 3, 1, '120.3082', '2015-06-29', '2015-06-29 08:00:32', '2015-06-29 08:00:32'),
(1960, 4, 1, 4, '110.5026', '2015-06-29', '2015-06-29 08:00:37', '2015-06-29 08:00:37'),
(1961, 4, 2, 4, '123.3557', '2015-06-29', '2015-06-29 08:00:38', '2015-06-29 08:00:38'),
(1962, 4, 3, 4, '116.3185', '2015-06-29', '2015-06-29 08:00:38', '2015-06-29 08:00:38'),
(1963, 5, 1, 1, '117.3005', '2015-06-29', '2015-06-29 08:00:38', '2015-06-29 08:00:38'),
(1964, 5, 2, 1, '122.7144', '2015-06-29', '2015-06-29 08:00:39', '2015-06-29 08:00:39'),
(1965, 5, 3, 1, '120.3082', '2015-06-29', '2015-06-29 08:00:39', '2015-06-29 08:00:39'),
(1966, 5, 1, 4, '110.5026', '2015-06-29', '2015-06-29 08:00:39', '2015-06-29 08:00:39'),
(1967, 5, 2, 4, '122.1344', '2015-06-29', '2015-06-29 08:00:39', '2015-06-29 08:00:39'),
(1968, 5, 3, 4, '116.3185', '2015-06-29', '2015-06-29 08:00:39', '2015-06-29 08:00:39'),
(1969, 6, 3, 2, '0.0083', '2015-06-29', '2015-06-29 08:00:40', '2015-06-29 08:00:40'),
(1970, 6, 3, 3, '0.0087', '2015-06-29', '2015-06-29 08:00:41', '2015-06-29 08:00:41'),
(1971, 6, 3, 5, '0.9622', '2015-06-29', '2015-06-29 08:00:41', '2015-06-29 08:00:41'),
(1972, 6, 3, 6, '1.0392', '2015-06-29', '2015-06-29 08:00:42', '2015-06-29 08:00:42'),
(1973, 7, 1, 1, '119.9473', '2015-06-29', '2015-06-29 08:00:43', '2015-06-29 08:00:43'),
(1974, 7, 2, 1, '120.6691', '2015-06-29', '2015-06-29 08:00:43', '2015-06-29 08:00:43'),
(1975, 7, 3, 1, '120.3082', '2015-06-29', '2015-06-29 08:00:43', '2015-06-29 08:00:43'),
(1976, 7, 1, 4, '115.9695', '2015-06-29', '2015-06-29 08:00:44', '2015-06-29 08:00:44'),
(1977, 7, 2, 4, '116.6675', '2015-06-29', '2015-06-29 08:00:44', '2015-06-29 08:00:44'),
(1978, 7, 3, 4, '116.3185', '2015-06-29', '2015-06-29 08:00:44', '2015-06-29 08:00:44'),
(1979, 2, 1, 1, '117.9325', '2015-07-01', '2015-07-01 08:00:01', '2015-07-01 08:00:01'),
(1980, 2, 2, 1, '122.7461', '2015-07-01', '2015-07-01 08:00:02', '2015-07-01 08:00:02'),
(1981, 2, 3, 1, '120.3393', '2015-07-01', '2015-07-01 08:00:03', '2015-07-01 08:00:03'),
(1982, 2, 1, 4, '110.7842', '2015-07-01', '2015-07-01 08:00:03', '2015-07-01 08:00:03'),
(1983, 2, 2, 4, '120.0162', '2015-07-01', '2015-07-01 08:00:04', '2015-07-01 08:00:04'),
(1984, 2, 3, 4, '115.4002', '2015-07-01', '2015-07-01 08:00:05', '2015-07-01 08:00:05'),
(1985, 4, 1, 1, '117.9325', '2015-07-01', '2015-07-01 08:00:05', '2015-07-01 08:00:05'),
(1986, 4, 2, 1, '123.9736', '2015-07-01', '2015-07-01 08:00:06', '2015-07-01 08:00:06'),
(1987, 4, 3, 1, '120.3393', '2015-07-01', '2015-07-01 08:00:06', '2015-07-01 08:00:06'),
(1988, 4, 1, 4, '109.6302', '2015-07-01', '2015-07-01 08:00:07', '2015-07-01 08:00:07'),
(1989, 4, 2, 4, '122.3819', '2015-07-01', '2015-07-01 08:00:07', '2015-07-01 08:00:07'),
(1990, 4, 3, 4, '115.4002', '2015-07-01', '2015-07-01 08:00:08', '2015-07-01 08:00:08'),
(1991, 5, 1, 1, '117.3308', '2015-07-01', '2015-07-01 08:00:09', '2015-07-01 08:00:09'),
(1992, 5, 2, 1, '122.7461', '2015-07-01', '2015-07-01 08:00:09', '2015-07-01 08:00:09'),
(1993, 5, 3, 1, '120.3393', '2015-07-01', '2015-07-01 08:00:10', '2015-07-01 08:00:10'),
(1994, 5, 1, 4, '109.6302', '2015-07-01', '2015-07-01 08:00:10', '2015-07-01 08:00:10'),
(1995, 5, 2, 4, '121.1702', '2015-07-01', '2015-07-01 08:00:11', '2015-07-01 08:00:11'),
(1996, 5, 3, 4, '115.4002', '2015-07-01', '2015-07-01 08:00:12', '2015-07-01 08:00:12'),
(1997, 6, 3, 2, '0.0083', '2015-07-01', '2015-07-01 08:00:14', '2015-07-01 08:00:14'),
(1998, 6, 3, 3, '0.0087', '2015-07-01', '2015-07-01 08:00:15', '2015-07-01 08:00:15'),
(1999, 6, 3, 5, '0.9579', '2015-07-01', '2015-07-01 08:00:16', '2015-07-01 08:00:16'),
(2000, 6, 3, 6, '1.0441', '2015-07-01', '2015-07-01 08:00:19', '2015-07-01 08:00:19'),
(2001, 7, 1, 1, '119.9783', '2015-07-01', '2015-07-01 08:00:19', '2015-07-01 08:00:19'),
(2002, 7, 2, 1, '120.7003', '2015-07-01', '2015-07-01 08:00:19', '2015-07-01 08:00:19'),
(2003, 7, 3, 1, '120.3393', '2015-07-01', '2015-07-01 08:00:20', '2015-07-01 08:00:20'),
(2004, 7, 1, 4, '115.0540', '2015-07-01', '2015-07-01 08:00:20', '2015-07-01 08:00:20'),
(2005, 7, 2, 4, '115.7464', '2015-07-01', '2015-07-01 08:00:21', '2015-07-01 08:00:21'),
(2006, 7, 3, 4, '115.4002', '2015-07-01', '2015-07-01 08:00:21', '2015-07-01 08:00:21'),
(2007, 2, 1, 1, '117.8686', '2015-07-02', '2015-07-02 08:00:03', '2015-07-02 08:00:03'),
(2008, 2, 2, 1, '122.6796', '2015-07-02', '2015-07-02 08:00:04', '2015-07-02 08:00:04'),
(2009, 2, 3, 1, '120.2741', '2015-07-02', '2015-07-02 08:00:05', '2015-07-02 08:00:05'),
(2010, 2, 1, 4, '110.2168', '2015-07-02', '2015-07-02 08:00:05', '2015-07-02 08:00:05'),
(2011, 2, 2, 4, '119.4016', '2015-07-02', '2015-07-02 08:00:05', '2015-07-02 08:00:05'),
(2012, 2, 3, 4, '114.8092', '2015-07-02', '2015-07-02 08:00:06', '2015-07-02 08:00:06'),
(2013, 4, 1, 1, '117.8686', '2015-07-02', '2015-07-02 08:00:06', '2015-07-02 08:00:06'),
(2014, 4, 2, 1, '123.9064', '2015-07-02', '2015-07-02 08:00:07', '2015-07-02 08:00:07'),
(2015, 4, 3, 1, '120.2741', '2015-07-02', '2015-07-02 08:00:07', '2015-07-02 08:00:07'),
(2016, 4, 1, 4, '109.0687', '2015-07-02', '2015-07-02 08:00:08', '2015-07-02 08:00:08'),
(2017, 4, 2, 4, '121.7552', '2015-07-02', '2015-07-02 08:00:09', '2015-07-02 08:00:09'),
(2018, 4, 3, 4, '114.8092', '2015-07-02', '2015-07-02 08:00:09', '2015-07-02 08:00:09'),
(2019, 5, 1, 1, '117.2672', '2015-07-02', '2015-07-02 08:00:10', '2015-07-02 08:00:10'),
(2020, 5, 2, 1, '122.6796', '2015-07-02', '2015-07-02 08:00:10', '2015-07-02 08:00:10'),
(2021, 5, 3, 1, '120.2741', '2015-07-02', '2015-07-02 08:00:10', '2015-07-02 08:00:10'),
(2022, 5, 1, 4, '109.0687', '2015-07-02', '2015-07-02 08:00:11', '2015-07-02 08:00:11'),
(2023, 5, 2, 4, '120.5497', '2015-07-02', '2015-07-02 08:00:11', '2015-07-02 08:00:11'),
(2024, 5, 3, 4, '114.8092', '2015-07-02', '2015-07-02 08:00:11', '2015-07-02 08:00:11'),
(2025, 6, 3, 2, '0.0083', '2015-07-02', '2015-07-02 08:00:12', '2015-07-02 08:00:12'),
(2026, 6, 3, 3, '0.0087', '2015-07-02', '2015-07-02 08:00:12', '2015-07-02 08:00:12'),
(2027, 6, 3, 5, '0.9533', '2015-07-02', '2015-07-02 08:00:13', '2015-07-02 08:00:13'),
(2028, 6, 3, 6, '1.0490', '2015-07-02', '2015-07-02 08:00:13', '2015-07-02 08:00:13'),
(2029, 7, 1, 1, '119.9133', '2015-07-02', '2015-07-02 08:00:14', '2015-07-02 08:00:14'),
(2030, 7, 2, 1, '120.6349', '2015-07-02', '2015-07-02 08:00:14', '2015-07-02 08:00:14'),
(2031, 7, 3, 1, '120.2741', '2015-07-02', '2015-07-02 08:00:14', '2015-07-02 08:00:14'),
(2032, 7, 1, 4, '114.4648', '2015-07-02', '2015-07-02 08:00:14', '2015-07-02 08:00:14'),
(2033, 7, 2, 4, '115.1536', '2015-07-02', '2015-07-02 08:00:15', '2015-07-02 08:00:15'),
(2034, 7, 3, 4, '114.8092', '2015-07-02', '2015-07-02 08:00:15', '2015-07-02 08:00:15'),
(2035, 4, 1, 1, '117.8152', '2015-07-03', '2015-07-03 08:00:01', '2015-07-03 08:00:01'),
(2036, 4, 2, 1, '123.8502', '2015-07-03', '2015-07-03 08:00:01', '2015-07-03 08:00:01'),
(2037, 4, 3, 1, '120.2196', '2015-07-03', '2015-07-03 08:00:02', '2015-07-03 08:00:02'),
(2038, 4, 1, 4, '109.1861', '2015-07-03', '2015-07-03 08:00:02', '2015-07-03 08:00:02'),
(2039, 4, 2, 4, '121.8861', '2015-07-03', '2015-07-03 08:00:02', '2015-07-03 08:00:02'),
(2040, 4, 3, 4, '114.9327', '2015-07-03', '2015-07-03 08:00:02', '2015-07-03 08:00:02'),
(2041, 5, 1, 1, '117.2141', '2015-07-03', '2015-07-03 08:00:03', '2015-07-03 08:00:03'),
(2042, 5, 2, 1, '122.6240', '2015-07-03', '2015-07-03 08:00:03', '2015-07-03 08:00:03'),
(2043, 5, 3, 1, '120.2196', '2015-07-03', '2015-07-03 08:00:03', '2015-07-03 08:00:03'),
(2044, 5, 1, 4, '109.1861', '2015-07-03', '2015-07-03 08:00:03', '2015-07-03 08:00:03'),
(2045, 5, 2, 4, '120.6793', '2015-07-03', '2015-07-03 08:00:04', '2015-07-03 08:00:04'),
(2046, 5, 3, 4, '114.9327', '2015-07-03', '2015-07-03 08:00:04', '2015-07-03 08:00:04'),
(2047, 6, 3, 2, '0.0083', '2015-07-03', '2015-07-03 08:00:04', '2015-07-03 08:00:04'),
(2048, 6, 3, 3, '0.0087', '2015-07-03', '2015-07-03 08:00:04', '2015-07-03 08:00:04'),
(2049, 6, 3, 5, '0.9562', '2015-07-03', '2015-07-03 08:00:05', '2015-07-03 08:00:05'),
(2050, 6, 3, 6, '1.0461', '2015-07-03', '2015-07-03 08:00:05', '2015-07-03 08:00:05'),
(2051, 7, 1, 1, '119.8589', '2015-07-03', '2015-07-03 08:00:05', '2015-07-03 08:00:05'),
(2052, 7, 2, 1, '120.5803', '2015-07-03', '2015-07-03 08:00:05', '2015-07-03 08:00:05'),
(2053, 7, 3, 1, '120.2196', '2015-07-03', '2015-07-03 08:00:05', '2015-07-03 08:00:05'),
(2054, 7, 1, 4, '114.5879', '2015-07-03', '2015-07-03 08:00:05', '2015-07-03 08:00:05'),
(2055, 7, 2, 4, '115.2775', '2015-07-03', '2015-07-03 08:00:05', '2015-07-03 08:00:05'),
(2056, 7, 3, 4, '114.9327', '2015-07-03', '2015-07-03 08:00:05', '2015-07-03 08:00:05'),
(2057, 4, 1, 1, '117.8152', '2015-07-04', '2015-07-04 08:00:01', '2015-07-04 08:00:01'),
(2058, 4, 2, 1, '123.8502', '2015-07-04', '2015-07-04 08:00:02', '2015-07-04 08:00:02'),
(2059, 4, 3, 1, '120.2196', '2015-07-04', '2015-07-04 08:00:02', '2015-07-04 08:00:02'),
(2060, 4, 1, 4, '109.1861', '2015-07-04', '2015-07-04 08:00:02', '2015-07-04 08:00:02'),
(2061, 4, 2, 4, '121.8861', '2015-07-04', '2015-07-04 08:00:02', '2015-07-04 08:00:02'),
(2062, 4, 3, 4, '114.9327', '2015-07-04', '2015-07-04 08:00:03', '2015-07-04 08:00:03'),
(2063, 5, 1, 1, '117.2141', '2015-07-04', '2015-07-04 08:00:03', '2015-07-04 08:00:03'),
(2064, 5, 2, 1, '122.6240', '2015-07-04', '2015-07-04 08:00:03', '2015-07-04 08:00:03'),
(2065, 5, 3, 1, '120.2196', '2015-07-04', '2015-07-04 08:00:03', '2015-07-04 08:00:03'),
(2066, 5, 1, 4, '109.1861', '2015-07-04', '2015-07-04 08:00:04', '2015-07-04 08:00:04'),
(2067, 5, 2, 4, '120.6793', '2015-07-04', '2015-07-04 08:00:04', '2015-07-04 08:00:04'),
(2068, 5, 3, 4, '114.9327', '2015-07-04', '2015-07-04 08:00:04', '2015-07-04 08:00:04'),
(2069, 6, 3, 2, '0.0083', '2015-07-04', '2015-07-04 08:00:04', '2015-07-04 08:00:04'),
(2070, 6, 3, 3, '0.0087', '2015-07-04', '2015-07-04 08:00:05', '2015-07-04 08:00:05'),
(2071, 6, 3, 5, '0.9569', '2015-07-04', '2015-07-04 08:00:05', '2015-07-04 08:00:05'),
(2072, 6, 3, 6, '1.0450', '2015-07-04', '2015-07-04 08:00:05', '2015-07-04 08:00:05'),
(2073, 7, 1, 1, '119.8589', '2015-07-04', '2015-07-04 08:00:06', '2015-07-04 08:00:06'),
(2074, 7, 2, 1, '120.5803', '2015-07-04', '2015-07-04 08:00:06', '2015-07-04 08:00:06'),
(2075, 7, 3, 1, '120.2196', '2015-07-04', '2015-07-04 08:00:06', '2015-07-04 08:00:06'),
(2076, 7, 1, 4, '114.5879', '2015-07-04', '2015-07-04 08:00:06', '2015-07-04 08:00:06'),
(2077, 7, 2, 4, '115.2775', '2015-07-04', '2015-07-04 08:00:06', '2015-07-04 08:00:06'),
(2078, 7, 3, 4, '114.9327', '2015-07-04', '2015-07-04 08:00:07', '2015-07-04 08:00:07'),
(2079, 4, 1, 1, '117.8152', '2015-07-05', '2015-07-05 08:00:02', '2015-07-05 08:00:02'),
(2080, 4, 2, 1, '123.8502', '2015-07-05', '2015-07-05 08:00:02', '2015-07-05 08:00:02'),
(2081, 4, 3, 1, '120.2196', '2015-07-05', '2015-07-05 08:00:02', '2015-07-05 08:00:02'),
(2082, 4, 1, 4, '109.1861', '2015-07-05', '2015-07-05 08:00:02', '2015-07-05 08:00:02'),
(2083, 4, 2, 4, '121.8861', '2015-07-05', '2015-07-05 08:00:02', '2015-07-05 08:00:02'),
(2084, 4, 3, 4, '114.9327', '2015-07-05', '2015-07-05 08:00:02', '2015-07-05 08:00:02'),
(2085, 5, 1, 1, '117.2141', '2015-07-05', '2015-07-05 08:00:03', '2015-07-05 08:00:03'),
(2086, 5, 2, 1, '122.6240', '2015-07-05', '2015-07-05 08:00:03', '2015-07-05 08:00:03'),
(2087, 5, 3, 1, '120.2196', '2015-07-05', '2015-07-05 08:00:03', '2015-07-05 08:00:03'),
(2088, 5, 1, 4, '109.1861', '2015-07-05', '2015-07-05 08:00:03', '2015-07-05 08:00:03'),
(2089, 5, 2, 4, '120.6793', '2015-07-05', '2015-07-05 08:00:03', '2015-07-05 08:00:03'),
(2090, 5, 3, 4, '114.9327', '2015-07-05', '2015-07-05 08:00:03', '2015-07-05 08:00:03'),
(2091, 6, 3, 2, '0.0083', '2015-07-05', '2015-07-05 08:00:04', '2015-07-05 08:00:04'),
(2092, 6, 3, 3, '0.0087', '2015-07-05', '2015-07-05 08:00:04', '2015-07-05 08:00:04'),
(2093, 6, 3, 5, '0.9569', '2015-07-05', '2015-07-05 08:00:04', '2015-07-05 08:00:04'),
(2094, 6, 3, 6, '1.0450', '2015-07-05', '2015-07-05 08:00:04', '2015-07-05 08:00:04'),
(2095, 7, 1, 1, '119.8589', '2015-07-05', '2015-07-05 08:00:05', '2015-07-05 08:00:05'),
(2096, 7, 2, 1, '120.5803', '2015-07-05', '2015-07-05 08:00:05', '2015-07-05 08:00:05'),
(2097, 7, 3, 1, '120.2196', '2015-07-05', '2015-07-05 08:00:05', '2015-07-05 08:00:05'),
(2098, 7, 1, 4, '114.5879', '2015-07-05', '2015-07-05 08:00:05', '2015-07-05 08:00:05'),
(2099, 7, 2, 4, '115.2775', '2015-07-05', '2015-07-05 08:00:05', '2015-07-05 08:00:05'),
(2100, 7, 3, 4, '114.9327', '2015-07-05', '2015-07-05 08:00:05', '2015-07-05 08:00:05'),
(2101, 2, 1, 1, '117.8321', '2015-07-06', '2015-07-06 08:00:03', '2015-07-06 08:00:03'),
(2102, 2, 2, 1, '122.6415', '2015-07-06', '2015-07-06 08:00:03', '2015-07-06 08:00:03'),
(2103, 2, 3, 1, '120.2368', '2015-07-06', '2015-07-06 08:00:03', '2015-07-06 08:00:03'),
(2104, 2, 1, 4, '110.8386', '2015-07-06', '2015-07-06 08:00:04', '2015-07-06 08:00:04'),
(2105, 2, 2, 4, '120.0752', '2015-07-06', '2015-07-06 08:00:04', '2015-07-06 08:00:04'),
(2106, 2, 3, 4, '115.4569', '2015-07-06', '2015-07-06 08:00:04', '2015-07-06 08:00:04'),
(2107, 4, 1, 1, '117.8321', '2015-07-06', '2015-07-06 08:00:07', '2015-07-06 08:00:07'),
(2108, 4, 2, 1, '123.8679', '2015-07-06', '2015-07-06 08:00:08', '2015-07-06 08:00:08'),
(2109, 4, 3, 1, '120.2368', '2015-07-06', '2015-07-06 08:00:09', '2015-07-06 08:00:09'),
(2110, 4, 1, 4, '109.6841', '2015-07-06', '2015-07-06 08:00:09', '2015-07-06 08:00:09'),
(2111, 4, 2, 4, '122.4420', '2015-07-06', '2015-07-06 08:00:09', '2015-07-06 08:00:09'),
(2112, 4, 3, 4, '115.4569', '2015-07-06', '2015-07-06 08:00:10', '2015-07-06 08:00:10'),
(2113, 5, 1, 1, '117.2309', '2015-07-06', '2015-07-06 08:00:10', '2015-07-06 08:00:10'),
(2114, 5, 2, 1, '122.6415', '2015-07-06', '2015-07-06 08:00:10', '2015-07-06 08:00:10'),
(2115, 5, 3, 1, '120.2368', '2015-07-06', '2015-07-06 08:00:11', '2015-07-06 08:00:11'),
(2116, 5, 1, 4, '109.6841', '2015-07-06', '2015-07-06 08:00:11', '2015-07-06 08:00:11'),
(2117, 5, 2, 4, '121.2297', '2015-07-06', '2015-07-06 08:00:11', '2015-07-06 08:00:11'),
(2118, 5, 3, 4, '115.4569', '2015-07-06', '2015-07-06 08:00:12', '2015-07-06 08:00:12'),
(2119, 6, 3, 2, '0.0083', '2015-07-06', '2015-07-06 08:00:13', '2015-07-06 08:00:13'),
(2120, 6, 3, 3, '0.0087', '2015-07-06', '2015-07-06 08:00:13', '2015-07-06 08:00:13'),
(2121, 6, 3, 5, '0.9571', '2015-07-06', '2015-07-06 08:00:13', '2015-07-06 08:00:13'),
(2122, 6, 3, 6, '1.0445', '2015-07-06', '2015-07-06 08:00:14', '2015-07-06 08:00:14'),
(2123, 7, 1, 1, '119.8761', '2015-07-06', '2015-07-06 08:00:14', '2015-07-06 08:00:14'),
(2124, 7, 2, 1, '120.5975', '2015-07-06', '2015-07-06 08:00:15', '2015-07-06 08:00:15'),
(2125, 7, 3, 1, '120.2368', '2015-07-06', '2015-07-06 08:00:15', '2015-07-06 08:00:15'),
(2126, 7, 1, 4, '115.1105', '2015-07-06', '2015-07-06 08:00:15', '2015-07-06 08:00:15'),
(2127, 7, 2, 4, '115.8033', '2015-07-06', '2015-07-06 08:00:16', '2015-07-06 08:00:16'),
(2128, 7, 3, 4, '115.4569', '2015-07-06', '2015-07-06 08:00:16', '2015-07-06 08:00:16'),
(2129, 2, 1, 1, '117.7817', '2015-07-07', '2015-07-07 08:00:01', '2015-07-07 08:00:01'),
(2130, 2, 2, 1, '122.5891', '2015-07-07', '2015-07-07 08:00:02', '2015-07-07 08:00:02'),
(2131, 2, 3, 1, '120.1854', '2015-07-07', '2015-07-07 08:00:02', '2015-07-07 08:00:02'),
(2132, 2, 1, 1, '117.8842', '2015-07-08', '2015-07-08 08:00:04', '2015-07-08 08:00:04'),
(2133, 2, 2, 1, '122.6958', '2015-07-08', '2015-07-08 08:00:06', '2015-07-08 08:00:06'),
(2134, 2, 3, 1, '120.2900', '2015-07-08', '2015-07-08 08:00:08', '2015-07-08 08:00:08'),
(2135, 2, 1, 1, '117.8940', '2015-07-09', '2015-07-09 08:00:01', '2015-07-09 08:00:01'),
(2136, 2, 2, 1, '122.7060', '2015-07-09', '2015-07-09 08:00:02', '2015-07-09 08:00:02'),
(2137, 2, 3, 1, '120.3000', '2015-07-09', '2015-07-09 08:00:02', '2015-07-09 08:00:02'),
(2138, 2, 1, 1, '117.8426', '2015-07-10', '2015-07-10 08:00:02', '2015-07-10 08:00:02'),
(2139, 2, 2, 1, '122.6525', '2015-07-10', '2015-07-10 08:00:04', '2015-07-10 08:00:04'),
(2140, 2, 3, 1, '120.2475', '2015-07-10', '2015-07-10 08:00:05', '2015-07-10 08:00:05'),
(2141, 2, 1, 1, '117.8426', '2015-07-11', '2015-07-11 08:00:01', '2015-07-11 08:00:01'),
(2142, 2, 2, 1, '122.6525', '2015-07-11', '2015-07-11 08:00:02', '2015-07-11 08:00:02'),
(2143, 2, 3, 1, '120.2475', '2015-07-11', '2015-07-11 08:00:02', '2015-07-11 08:00:02'),
(2144, 2, 1, 1, '117.8426', '2015-07-12', '2015-07-12 08:00:01', '2015-07-12 08:00:01'),
(2145, 2, 2, 1, '122.6525', '2015-07-12', '2015-07-12 08:00:02', '2015-07-12 08:00:02'),
(2146, 2, 3, 1, '120.2475', '2015-07-12', '2015-07-12 08:00:02', '2015-07-12 08:00:02'),
(2147, 2, 1, 1, '117.8051', '2015-07-13', '2015-07-13 08:00:02', '2015-07-13 08:00:02'),
(2148, 2, 2, 1, '122.6135', '2015-07-13', '2015-07-13 08:00:03', '2015-07-13 08:00:03'),
(2149, 2, 3, 1, '120.2093', '2015-07-13', '2015-07-13 08:00:04', '2015-07-13 08:00:04'),
(2150, 2, 1, 1, '117.7667', '2015-07-14', '2015-07-14 08:00:01', '2015-07-14 08:00:01'),
(2151, 2, 2, 1, '122.5735', '2015-07-14', '2015-07-14 08:00:01', '2015-07-14 08:00:01'),
(2152, 2, 3, 1, '120.1701', '2015-07-14', '2015-07-14 08:00:02', '2015-07-14 08:00:02'),
(2153, 2, 1, 1, '117.7422', '2015-07-15', '2015-07-15 08:00:04', '2015-07-15 08:00:04'),
(2154, 2, 2, 1, '122.5480', '2015-07-15', '2015-07-15 08:00:07', '2015-07-15 08:00:07'),
(2155, 2, 3, 1, '120.1451', '2015-07-15', '2015-07-15 08:00:11', '2015-07-15 08:00:11'),
(2156, 2, 1, 1, '117.7108', '2015-07-16', '2015-07-16 08:00:01', '2015-07-16 08:00:01'),
(2157, 2, 2, 1, '122.5154', '2015-07-16', '2015-07-16 08:00:02', '2015-07-16 08:00:02'),
(2158, 2, 3, 1, '120.1131', '2015-07-16', '2015-07-16 08:00:02', '2015-07-16 08:00:02'),
(2159, 2, 1, 1, '117.7444', '2015-07-17', '2015-07-17 08:00:02', '2015-07-17 08:00:02'),
(2160, 2, 2, 1, '122.5502', '2015-07-17', '2015-07-17 08:00:05', '2015-07-17 08:00:05'),
(2161, 2, 3, 1, '120.1473', '2015-07-17', '2015-07-17 08:00:06', '2015-07-17 08:00:06'),
(2162, 2, 1, 1, '117.7444', '2015-07-18', '2015-07-18 08:00:02', '2015-07-18 08:00:02'),
(2163, 2, 2, 1, '122.5502', '2015-07-18', '2015-07-18 08:00:02', '2015-07-18 08:00:02'),
(2164, 2, 3, 1, '120.1473', '2015-07-18', '2015-07-18 08:00:03', '2015-07-18 08:00:03'),
(2165, 2, 1, 1, '117.7444', '2015-07-19', '2015-07-19 08:00:02', '2015-07-19 08:00:02'),
(2166, 2, 2, 1, '122.5502', '2015-07-19', '2015-07-19 08:00:02', '2015-07-19 08:00:02'),
(2167, 2, 3, 1, '120.1473', '2015-07-19', '2015-07-19 08:00:02', '2015-07-19 08:00:02'),
(2168, 2, 1, 1, '117.7305', '2015-07-20', '2015-07-20 08:00:04', '2015-07-20 08:00:04'),
(2169, 2, 2, 1, '122.5359', '2015-07-20', '2015-07-20 08:00:05', '2015-07-20 08:00:05'),
(2170, 2, 3, 1, '120.1332', '2015-07-20', '2015-07-20 08:00:06', '2015-07-20 08:00:06'),
(2171, 2, 1, 1, '117.7295', '2015-07-21', '2015-07-21 08:00:02', '2015-07-21 08:00:02'),
(2172, 2, 2, 1, '122.5347', '2015-07-21', '2015-07-21 08:00:02', '2015-07-21 08:00:02'),
(2173, 2, 3, 1, '120.1321', '2015-07-21', '2015-07-21 08:00:02', '2015-07-21 08:00:02'),
(2174, 2, 1, 1, '117.7279', '2015-07-22', '2015-07-22 08:00:02', '2015-07-22 08:00:02'),
(2175, 2, 2, 1, '122.5331', '2015-07-22', '2015-07-22 08:00:07', '2015-07-22 08:00:07'),
(2176, 2, 3, 1, '120.1305', '2015-07-22', '2015-07-22 08:00:07', '2015-07-22 08:00:07'),
(2177, 2, 1, 1, '117.7240', '2015-07-23', '2015-07-23 08:00:02', '2015-07-23 08:00:02'),
(2178, 2, 2, 1, '122.5290', '2015-07-23', '2015-07-23 08:00:02', '2015-07-23 08:00:02'),
(2179, 2, 3, 1, '120.1265', '2015-07-23', '2015-07-23 08:00:03', '2015-07-23 08:00:03'),
(2180, 2, 1, 1, '117.8889', '2015-07-24', '2015-07-24 08:00:04', '2015-07-24 08:00:04'),
(2181, 2, 2, 1, '122.7007', '2015-07-24', '2015-07-24 08:00:04', '2015-07-24 08:00:04'),
(2182, 2, 3, 1, '120.2948', '2015-07-24', '2015-07-24 08:00:04', '2015-07-24 08:00:04'),
(2183, 2, 1, 1, '117.8889', '2015-07-25', '2015-07-25 08:00:02', '2015-07-25 08:00:02'),
(2184, 2, 2, 1, '122.7007', '2015-07-25', '2015-07-25 08:00:02', '2015-07-25 08:00:02'),
(2185, 2, 3, 1, '120.2948', '2015-07-25', '2015-07-25 08:00:02', '2015-07-25 08:00:02'),
(2186, 2, 1, 1, '117.8889', '2015-07-26', '2015-07-26 08:00:02', '2015-07-26 08:00:02'),
(2187, 2, 2, 1, '122.7007', '2015-07-26', '2015-07-26 08:00:02', '2015-07-26 08:00:02'),
(2188, 2, 3, 1, '120.2948', '2015-07-26', '2015-07-26 08:00:02', '2015-07-26 08:00:02'),
(2189, 2, 1, 1, '117.8998', '2015-07-27', '2015-07-27 08:00:04', '2015-07-27 08:00:04'),
(2190, 2, 2, 1, '122.7120', '2015-07-27', '2015-07-27 08:00:05', '2015-07-27 08:00:05'),
(2191, 2, 3, 1, '120.3059', '2015-07-27', '2015-07-27 08:00:06', '2015-07-27 08:00:06'),
(2192, 2, 1, 1, '117.8989', '2015-07-28', '2015-07-28 08:00:02', '2015-07-28 08:00:02'),
(2193, 2, 2, 1, '122.7111', '2015-07-28', '2015-07-28 08:00:02', '2015-07-28 08:00:02'),
(2194, 2, 3, 1, '120.3050', '2015-07-28', '2015-07-28 08:00:02', '2015-07-28 08:00:02'),
(2195, 2, 1, 1, '117.8175', '2015-07-29', '2015-07-29 08:00:02', '2015-07-29 08:00:02'),
(2196, 2, 2, 1, '122.6263', '2015-07-29', '2015-07-29 08:00:03', '2015-07-29 08:00:03'),
(2197, 2, 3, 1, '120.2219', '2015-07-29', '2015-07-29 08:00:03', '2015-07-29 08:00:03'),
(2198, 2, 1, 1, '117.8261', '2015-07-30', '2015-07-30 08:00:02', '2015-07-30 08:00:02'),
(2199, 2, 2, 1, '122.6353', '2015-07-30', '2015-07-30 08:00:02', '2015-07-30 08:00:02'),
(2200, 2, 3, 1, '120.2307', '2015-07-30', '2015-07-30 08:00:02', '2015-07-30 08:00:02'),
(2201, 2, 1, 1, '117.7475', '2015-07-31', '2015-07-31 08:00:02', '2015-07-31 08:00:02'),
(2202, 2, 2, 1, '122.5535', '2015-07-31', '2015-07-31 08:00:05', '2015-07-31 08:00:05'),
(2203, 2, 3, 1, '120.1505', '2015-07-31', '2015-07-31 08:00:05', '2015-07-31 08:00:05'),
(2204, 2, 1, 1, '117.7475', '2015-08-01', '2015-08-01 08:00:01', '2015-08-01 08:00:01'),
(2205, 2, 2, 1, '122.5535', '2015-08-01', '2015-08-01 08:00:02', '2015-08-01 08:00:02'),
(2206, 2, 3, 1, '120.1505', '2015-08-01', '2015-08-01 08:00:02', '2015-08-01 08:00:02'),
(2207, 2, 1, 1, '117.7475', '2015-08-02', '2015-08-02 08:00:02', '2015-08-02 08:00:02'),
(2208, 2, 2, 1, '122.5535', '2015-08-02', '2015-08-02 08:00:02', '2015-08-02 08:00:02'),
(2209, 2, 3, 1, '120.1505', '2015-08-02', '2015-08-02 08:00:03', '2015-08-02 08:00:03'),
(2210, 2, 1, 1, '117.7604', '2015-08-03', '2015-08-03 08:00:02', '2015-08-03 08:00:02'),
(2211, 2, 2, 1, '122.5670', '2015-08-03', '2015-08-03 08:00:02', '2015-08-03 08:00:02'),
(2212, 2, 3, 1, '120.1637', '2015-08-03', '2015-08-03 08:00:03', '2015-08-03 08:00:03'),
(2213, 2, 1, 1, '117.7762', '2015-08-04', '2015-08-04 08:00:02', '2015-08-04 08:00:02'),
(2214, 2, 2, 1, '122.5834', '2015-08-04', '2015-08-04 08:00:02', '2015-08-04 08:00:02'),
(2215, 2, 3, 1, '120.1798', '2015-08-04', '2015-08-04 08:00:03', '2015-08-04 08:00:03'),
(2216, 2, 1, 1, '117.7783', '2015-08-05', '2015-08-05 08:00:03', '2015-08-05 08:00:03'),
(2217, 2, 2, 1, '122.5855', '2015-08-05', '2015-08-05 08:00:04', '2015-08-05 08:00:04'),
(2218, 2, 3, 1, '120.1819', '2015-08-05', '2015-08-05 08:00:05', '2015-08-05 08:00:05'),
(2219, 2, 1, 1, '117.7859', '2015-08-06', '2015-08-06 08:00:01', '2015-08-06 08:00:01'),
(2220, 2, 2, 1, '122.5935', '2015-08-06', '2015-08-06 08:00:02', '2015-08-06 08:00:02'),
(2221, 2, 3, 1, '120.1897', '2015-08-06', '2015-08-06 08:00:02', '2015-08-06 08:00:02'),
(2222, 2, 1, 1, '117.9043', '2015-08-07', '2015-08-07 08:00:02', '2015-08-07 08:00:02'),
(2223, 2, 2, 1, '122.7167', '2015-08-07', '2015-08-07 08:00:03', '2015-08-07 08:00:03'),
(2224, 2, 3, 1, '120.3105', '2015-08-07', '2015-08-07 08:00:03', '2015-08-07 08:00:03'),
(2225, 2, 1, 1, '117.9043', '2015-08-08', '2015-08-08 08:00:01', '2015-08-08 08:00:01'),
(2226, 2, 2, 1, '122.7167', '2015-08-08', '2015-08-08 08:00:02', '2015-08-08 08:00:02'),
(2227, 2, 3, 1, '120.3105', '2015-08-08', '2015-08-08 08:00:02', '2015-08-08 08:00:02'),
(2228, 2, 1, 1, '117.9043', '2015-08-09', '2015-08-09 08:00:02', '2015-08-09 08:00:02'),
(2229, 2, 2, 1, '122.7167', '2015-08-09', '2015-08-09 08:00:02', '2015-08-09 08:00:02'),
(2230, 2, 3, 1, '120.3105', '2015-08-09', '2015-08-09 08:00:02', '2015-08-09 08:00:02'),
(2231, 2, 1, 1, '117.8452', '2015-08-10', '2015-08-10 08:00:02', '2015-08-10 08:00:02'),
(2232, 2, 2, 1, '122.6552', '2015-08-10', '2015-08-10 08:00:02', '2015-08-10 08:00:02'),
(2233, 2, 3, 1, '120.2502', '2015-08-10', '2015-08-10 08:00:03', '2015-08-10 08:00:03'),
(2234, 2, 1, 1, '117.7448', '2015-08-11', '2015-08-11 08:00:01', '2015-08-11 08:00:01'),
(2235, 2, 2, 1, '122.5508', '2015-08-11', '2015-08-11 08:00:01', '2015-08-11 08:00:01'),
(2236, 2, 3, 1, '120.1478', '2015-08-11', '2015-08-11 08:00:02', '2015-08-11 08:00:02'),
(2237, 2, 1, 1, '117.7677', '2015-08-12', '2015-08-12 08:00:02', '2015-08-12 08:00:02'),
(2238, 2, 2, 1, '122.5745', '2015-08-12', '2015-08-12 08:00:03', '2015-08-12 08:00:03'),
(2239, 2, 3, 1, '120.1711', '2015-08-12', '2015-08-12 08:00:03', '2015-08-12 08:00:03'),
(2240, 2, 1, 1, '117.6768', '2015-08-13', '2015-08-13 08:00:01', '2015-08-13 08:00:01'),
(2241, 2, 2, 1, '122.4800', '2015-08-13', '2015-08-13 08:00:01', '2015-08-13 08:00:01'),
(2242, 2, 3, 1, '120.0784', '2015-08-13', '2015-08-13 08:00:01', '2015-08-13 08:00:01'),
(2243, 2, 1, 1, '117.6872', '2015-08-14', '2015-08-14 08:00:04', '2015-08-14 08:00:04'),
(2244, 2, 2, 1, '122.4908', '2015-08-14', '2015-08-14 08:00:05', '2015-08-14 08:00:05'),
(2245, 2, 3, 1, '120.0890', '2015-08-14', '2015-08-14 08:00:05', '2015-08-14 08:00:05'),
(2246, 2, 1, 1, '117.6872', '2015-08-15', '2015-08-15 08:00:02', '2015-08-15 08:00:02'),
(2247, 2, 2, 1, '122.4908', '2015-08-15', '2015-08-15 08:00:02', '2015-08-15 08:00:02'),
(2248, 2, 3, 1, '120.0890', '2015-08-15', '2015-08-15 08:00:02', '2015-08-15 08:00:02'),
(2249, 2, 1, 1, '117.6872', '2015-08-16', '2015-08-16 08:00:02', '2015-08-16 08:00:02'),
(2250, 2, 2, 1, '122.4908', '2015-08-16', '2015-08-16 08:00:02', '2015-08-16 08:00:02'),
(2251, 2, 3, 1, '120.0890', '2015-08-16', '2015-08-16 08:00:02', '2015-08-16 08:00:02'),
(2252, 2, 1, 1, '117.6373', '2015-08-17', '2015-08-17 08:00:02', '2015-08-17 08:00:02'),
(2253, 2, 2, 1, '122.4389', '2015-08-17', '2015-08-17 08:00:03', '2015-08-17 08:00:03'),
(2254, 2, 3, 1, '120.0381', '2015-08-17', '2015-08-17 08:00:03', '2015-08-17 08:00:03'),
(2255, 2, 1, 1, '117.6428', '2015-08-18', '2015-08-18 08:00:02', '2015-08-18 08:00:02'),
(2256, 2, 2, 1, '122.4446', '2015-08-18', '2015-08-18 08:00:02', '2015-08-18 08:00:02'),
(2257, 2, 3, 1, '120.0437', '2015-08-18', '2015-08-18 08:00:02', '2015-08-18 08:00:02'),
(2258, 2, 1, 1, '117.6287', '2015-08-19', '2015-08-19 08:00:03', '2015-08-19 08:00:03'),
(2259, 2, 2, 1, '122.4299', '2015-08-19', '2015-08-19 08:00:04', '2015-08-19 08:00:04'),
(2260, 2, 3, 1, '120.0293', '2015-08-19', '2015-08-19 08:00:06', '2015-08-19 08:00:06'),
(2261, 2, 1, 1, '117.6562', '2015-08-20', '2015-08-20 08:00:02', '2015-08-20 08:00:02'),
(2262, 2, 2, 1, '122.4584', '2015-08-20', '2015-08-20 08:00:02', '2015-08-20 08:00:02'),
(2263, 2, 3, 1, '120.0573', '2015-08-20', '2015-08-20 08:00:02', '2015-08-20 08:00:02'),
(2264, 2, 1, 1, '117.7084', '2015-08-21', '2015-08-21 08:00:02', '2015-08-21 08:00:02'),
(2265, 2, 2, 1, '122.5128', '2015-08-21', '2015-08-21 08:00:03', '2015-08-21 08:00:03'),
(2266, 2, 3, 1, '120.1106', '2015-08-21', '2015-08-21 08:00:04', '2015-08-21 08:00:04'),
(2267, 2, 1, 1, '117.7084', '2015-08-22', '2015-08-22 08:00:01', '2015-08-22 08:00:01'),
(2268, 2, 2, 1, '122.5128', '2015-08-22', '2015-08-22 08:00:02', '2015-08-22 08:00:02'),
(2269, 2, 3, 1, '120.1106', '2015-08-22', '2015-08-22 08:00:02', '2015-08-22 08:00:02'),
(2270, 2, 1, 1, '117.7084', '2015-08-23', '2015-08-23 08:00:02', '2015-08-23 08:00:02'),
(2271, 2, 2, 1, '122.5128', '2015-08-23', '2015-08-23 08:00:02', '2015-08-23 08:00:02'),
(2272, 2, 3, 1, '120.1106', '2015-08-23', '2015-08-23 08:00:02', '2015-08-23 08:00:02'),
(2273, 2, 1, 1, '117.8290', '2015-08-24', '2015-08-24 08:00:02', '2015-08-24 08:00:02'),
(2274, 2, 2, 1, '122.6384', '2015-08-24', '2015-08-24 08:00:02', '2015-08-24 08:00:02'),
(2275, 2, 3, 1, '120.2337', '2015-08-24', '2015-08-24 08:00:02', '2015-08-24 08:00:02'),
(2276, 2, 1, 1, '117.8290', '2015-08-24', '2015-08-24 11:53:44', '2015-08-24 11:53:44'),
(2277, 2, 2, 1, '122.6384', '2015-08-24', '2015-08-24 11:53:44', '2015-08-24 11:53:44'),
(2278, 2, 3, 1, '120.2337', '2015-08-24', '2015-08-24 11:53:44', '2015-08-24 11:53:44'),
(2279, 2, 1, 1, '117.8290', '2015-08-24', '2015-08-24 11:53:47', '2015-08-24 11:53:47'),
(2280, 2, 2, 1, '122.6384', '2015-08-24', '2015-08-24 11:53:50', '2015-08-24 11:53:50'),
(2281, 2, 3, 1, '120.2337', '2015-08-24', '2015-08-24 11:53:50', '2015-08-24 11:53:50'),
(2282, 2, 1, 4, '106.7460', '2015-08-24', '2015-08-24 12:29:09', '2015-08-24 12:29:09'),
(2283, 2, 2, 4, '115.6414', '2015-08-24', '2015-08-24 12:29:10', '2015-08-24 12:29:10'),
(2284, 2, 3, 4, '111.1937', '2015-08-24', '2015-08-24 12:29:10', '2015-08-24 12:29:10'),
(2285, 2, 1, 5, '106.7460', '2015-08-24', '2015-08-24 12:29:10', '2015-08-24 12:29:10'),
(2286, 2, 2, 5, '115.6414', '2015-08-24', '2015-08-24 12:29:10', '2015-08-24 12:29:10'),
(2287, 2, 3, 5, '111.1937', '2015-08-24', '2015-08-24 12:29:10', '2015-08-24 12:29:10'),
(2288, 2, 1, 6, '117.8290', '2015-08-24', '2015-08-24 12:29:10', '2015-08-24 12:29:10'),
(2289, 2, 2, 6, '122.6384', '2015-08-24', '2015-08-24 12:29:10', '2015-08-24 12:29:10'),
(2290, 2, 3, 6, '120.2337', '2015-08-24', '2015-08-24 12:29:10', '2015-08-24 12:29:10'),
(2291, 4, 1, 1, '117.8290', '2015-08-24', '2015-08-24 12:29:10', '2015-08-24 12:29:10'),
(2292, 4, 2, 1, '123.8648', '2015-08-24', '2015-08-24 12:29:10', '2015-08-24 12:29:10'),
(2293, 4, 3, 1, '120.2337', '2015-08-24', '2015-08-24 12:29:10', '2015-08-24 12:29:10'),
(2294, 4, 1, 4, '105.6340', '2015-08-24', '2015-08-24 12:29:11', '2015-08-24 12:29:11'),
(2295, 4, 2, 4, '117.9209', '2015-08-24', '2015-08-24 12:29:11', '2015-08-24 12:29:11'),
(2296, 4, 3, 4, '111.1937', '2015-08-24', '2015-08-24 12:29:11', '2015-08-24 12:29:11'),
(2297, 4, 1, 5, '105.6340', '2015-08-24', '2015-08-24 12:29:11', '2015-08-24 12:29:11'),
(2298, 4, 2, 5, '117.9209', '2015-08-24', '2015-08-24 12:29:11', '2015-08-24 12:29:11'),
(2299, 4, 3, 5, '111.1937', '2015-08-24', '2015-08-24 12:29:11', '2015-08-24 12:29:11'),
(2300, 4, 1, 6, '117.8290', '2015-08-24', '2015-08-24 12:29:11', '2015-08-24 12:29:11'),
(2301, 4, 2, 6, '123.8648', '2015-08-24', '2015-08-24 12:29:11', '2015-08-24 12:29:11'),
(2302, 4, 3, 6, '120.2337', '2015-08-24', '2015-08-24 12:29:11', '2015-08-24 12:29:11'),
(2303, 5, 1, 1, '117.2279', '2015-08-24', '2015-08-24 12:29:11', '2015-08-24 12:29:11'),
(2304, 5, 2, 1, '122.6384', '2015-08-24', '2015-08-24 12:29:11', '2015-08-24 12:29:11'),
(2305, 5, 3, 1, '120.2337', '2015-08-24', '2015-08-24 12:29:11', '2015-08-24 12:29:11'),
(2306, 5, 1, 4, '105.6340', '2015-08-24', '2015-08-24 12:29:11', '2015-08-24 12:29:11'),
(2307, 5, 2, 4, '116.7534', '2015-08-24', '2015-08-24 12:29:11', '2015-08-24 12:29:11'),
(2308, 5, 3, 4, '111.1937', '2015-08-24', '2015-08-24 12:29:11', '2015-08-24 12:29:11'),
(2309, 5, 1, 5, '105.6340', '2015-08-24', '2015-08-24 12:29:11', '2015-08-24 12:29:11'),
(2310, 5, 2, 5, '116.7534', '2015-08-24', '2015-08-24 12:29:11', '2015-08-24 12:29:11'),
(2311, 5, 3, 5, '111.1937', '2015-08-24', '2015-08-24 12:29:11', '2015-08-24 12:29:11'),
(2312, 5, 1, 6, '117.2279', '2015-08-24', '2015-08-24 12:29:11', '2015-08-24 12:29:11');
INSERT INTO `rates` (`id`, `provider_id`, `type_id`, `pair_id`, `rate`, `date`, `created_at`, `updated_at`) VALUES
(2313, 5, 2, 6, '122.6384', '2015-08-24', '2015-08-24 12:29:12', '2015-08-24 12:29:12'),
(2314, 5, 3, 6, '120.2337', '2015-08-24', '2015-08-24 12:29:12', '2015-08-24 12:29:12');

-- --------------------------------------------------------

--
-- Table structure for table `resources`
--

CREATE TABLE IF NOT EXISTS `resources` (
  `id` int(11) NOT NULL AUTO_INCREMENT,
  `name` varchar(45) NOT NULL,
  `url` varchar(150) NOT NULL,
  `created_at` timestamp NULL DEFAULT NULL,
  `updated_at` timestamp NULL DEFAULT NULL,
  PRIMARY KEY (`id`)
) ENGINE=InnoDB  DEFAULT CHARSET=utf8 AUTO_INCREMENT=4 ;

--
-- Dumping data for table `resources`
--

INSERT INTO `resources` (`id`, `name`, `url`, `created_at`, `updated_at`) VALUES
(1, 'kamatica', 'http://www.kamatica.com', '2015-04-16 22:00:00', NULL),
(2, 'nbs', 'http://www.nbs.rs/internet/cirilica/scripts/ondate.html', '2015-04-16 22:00:00', NULL),
(3, 'google', 'https://www.google.com/finance/converter', '2015-04-16 22:00:00', NULL);

-- --------------------------------------------------------

--
-- Table structure for table `types`
--

CREATE TABLE IF NOT EXISTS `types` (
  `id` int(11) NOT NULL AUTO_INCREMENT,
  `name` varchar(15) DEFAULT NULL,
  `created_at` timestamp NULL DEFAULT NULL,
  `updated_at` timestamp NULL DEFAULT NULL,
  PRIMARY KEY (`id`)
) ENGINE=InnoDB  DEFAULT CHARSET=utf8 AUTO_INCREMENT=4 ;

--
-- Dumping data for table `types`
--

INSERT INTO `types` (`id`, `name`, `created_at`, `updated_at`) VALUES
(1, 'buy', '2015-04-16 22:00:00', NULL),
(2, 'sell', '2015-04-16 22:00:00', NULL),
(3, 'mid', '2015-04-16 22:00:00', NULL);

--
-- Constraints for dumped tables
--

--
-- Constraints for table `providers`
--
ALTER TABLE `providers`
  ADD CONSTRAINT `fk_providers_resource` FOREIGN KEY (`resource_id`) REFERENCES `resources` (`id`) ON DELETE NO ACTION ON UPDATE NO ACTION;

--
-- Constraints for table `rates`
--
ALTER TABLE `rates`
  ADD CONSTRAINT `fk_rates_pair` FOREIGN KEY (`pair_id`) REFERENCES `pairs` (`id`) ON UPDATE CASCADE,
  ADD CONSTRAINT `fk_rates_provider` FOREIGN KEY (`provider_id`) REFERENCES `providers` (`id`) ON UPDATE CASCADE,
  ADD CONSTRAINT `fk_rates_type` FOREIGN KEY (`type_id`) REFERENCES `types` (`id`) ON UPDATE CASCADE;

/*!40101 SET CHARACTER_SET_CLIENT=@OLD_CHARACTER_SET_CLIENT */;
/*!40101 SET CHARACTER_SET_RESULTS=@OLD_CHARACTER_SET_RESULTS */;
/*!40101 SET COLLATION_CONNECTION=@OLD_COLLATION_CONNECTION */;
